Stand: 29.01.2021;;;;;;;;;;;;;;;;;;;;;;;;;;;;;;;;;;;;;;;;;;;;;;;;;;;;;;;;
;;;;;;;;;;;;;;;;;;;;;;;;;;;;;;;;;;;;;;;;;;;;;;;;;;;;;;;;
;;;;;;;;;;;;;;;;;;;;;;;;;;;;;;;;;;;;;;;;;;;;;;;;;;;;;;;;
;;;;Sterbefälle nach Kalenderwochen und Altersgruppen in den Bundesländern 2016 bis 2020;;;;;;;;;;;;;;;Sterbefälle nach Kalenderwochen und Altersgruppen in den Bundesländern 2016 bis 2020;;;;;;;;;;;;;;;Sterbefälle nach Kalenderwochen und Altersgruppen in den Bundesländern 2016 bis 2020;;;;;;;;;;;;;;;Sterbefälle nach Kalenderwochen und Altersgruppen in den Bundesländern 2016 bis 2020;;;;;;;
;;;;Ergebnisse für das Jahr 2020 aus Rohdaten;;;;;;;;;;;;;;;Ergebnisse für das Jahr 2020 aus Rohdaten;;;;;;;;;;;;;;;Ergebnisse für das Jahr 2020 aus Rohdaten;;;;;;;;;;;;;;;Ergebnisse für das Jahr 2020 aus Rohdaten;;;;;;;
;;;;Weiblich;;;;;;;;;;;;;;;Weiblich;;;;;;;;;;;;;;;Weiblich;;;;;;;;;;;;;;;Weiblich;;;;;;;

Lfd.;Jahr;Bundesland;Alter von ... bis;Kalenderwoche;;;;;;;;;;;;;;;Kalenderwoche;;;;;;;;;;;;;;;Kalenderwoche;;;;;;;;;;;;;;;Kalenderwoche;;;;;;;
Nr.;;;unter … Jahren;1;2;3;4;5;6;7;8;9;10;11;12;13;14;15;16;17;18;19;20;21;22;23;24;25;26;27;28;29;30;31;32;33;34;35;36;37;38;39;40;41;42;43;44;45;46;47;48;49;50;51;52;53
1;2020;Schleswig-Holstein;Insgesamt;378;394;338;317;380;349;361;321;379;346;371;361;335;340;356;309;345;316;341;295;322;294;288;301;331;320;333;292;314;326;323;334;349;351;303;321;317;326;324;366;305;319;329;322;319;309;307;309;342;383;341;364;382
2;2020;Schleswig-Holstein;0-65;46;39;38;32;35;39;49;35;31;31;35;38;38;35;34;35;38;35;27;35;33;28;30;44;48;33;38;42;37;30;30;40;32;37;30;36;39;31;35;40;31;29;35;39;38;38;33;29;31;34;32;35;44
3;2020;Schleswig-Holstein;65 u. mehr;332;355;300;285;345;310;312;286;348;315;336;323;297;305;322;274;307;281;314;260;289;266;258;257;283;287;295;250;277;296;293;294;317;314;273;285;278;295;289;326;274;290;294;283;281;271;274;280;311;349;309;329;338
4;2020;Hamburg;Insgesamt;175;194;184;167;181;193;193;169;187;190;164;186;176;211;205;208;201;163;197;150;170;164;151;152;164;187;144;144;175;155;169;146;227;176;148;160;154;157;162;171;156;174;181;151;182;168;186;184;213;195;205;172;210
5;2020;Hamburg;0-65;18;25;23;15;11;15;24;15;18;22;12;20;20;24;24;15;22;19;22;21;12;24;21;17;19;21;30;15;19;18;19;14;25;22;22;15;20;12;13;19;11;17;16;18;14;5;20;19;23;17;13;18;21
6;2020;Hamburg;65 u. mehr;157;169;161;152;170;178;169;154;169;168;152;166;156;187;181;193;179;144;175;129;158;140;130;135;145;166;114;129;156;137;150;132;202;154;126;145;134;145;149;152;145;157;165;133;168;163;166;165;190;178;192;154;189
7;2020;Niedersachsen;Insgesamt;954;1012;973;960;924;956;987;961;999;996;1017;1016;1001;1006;1004;910;883;898;867;844;800;887;883;800;808;823;810;775;857;783;852;867;1086;903;838;841;864;848;940;879;836;914;856;890;935;898;986;977;939;1055;1057;1053;1058
8;2020;Niedersachsen;0-65;87;104;96;100;92;86;114;98;109;106;110;90;110;82;87;86;85;91;93;94;87;98;90;100;79;92;90;81;97;81;92;78;106;84;69;87;88;89;92;96;92;103;93;95;87;85;107;91;81;104;102;85;106
9;2020;Niedersachsen;65 u. mehr;867;908;877;860;832;870;873;863;890;890;907;926;891;924;917;824;798;807;774;750;713;789;793;700;729;731;720;694;760;702;760;789;980;819;769;754;776;759;848;783;744;811;763;795;848;813;879;886;858;951;955;968;952
10;2020;Bremen;Insgesamt;76;89;63;83;96;75;90;87;84;88;87;73;77;88;73;83;60;76;65;59;53;82;61;74;83;84;76;68;83;59;73;69;104;92;80;82;68;71;78;64;66;76;88;82;74;66;78;70;88;91;81;69;84
11;2020;Bremen;0-65;11;7;9;7;9;11;9;5;7;14;9;8;9;5;8;10;5;11;8;9;8;13;5;11;9;11;12;3;11;10;11;6;13;15;12;5;14;10;6;6;7;12;11;8;8;7;7;6;9;8;5;6;7
12;2020;Bremen;65 u. mehr;65;82;54;76;87;64;81;82;77;74;78;65;68;83;65;73;55;65;57;50;45;69;56;63;74;73;64;65;72;49;62;63;91;77;68;77;54;61;72;58;59;64;77;74;66;59;71;64;79;83;76;63;77
13;2020;Nordrhein-Westfalen;Insgesamt;2109;2127;2178;2054;2145;2069;2191;2089;2183;2265;2272;2204;2159;2206;2270;2061;2026;1914;1874;1847;1948;1879;1960;1814;1831;1988;1863;1740;1786;1884;1911;2065;2455;2013;1886;1896;1868;1983;1897;1865;1935;1913;2035;2029;2141;2095;2184;2299;2353;2382;2474;2531;2521
14;2020;Nordrhein-Westfalen;0-65;238;211;263;223;221;215;237;234;253;259;251;237;219;237;246;204;237;192;205;211;222;209;243;179;221;211;237;179;210;196;207;208;244;236;197;211;203;230;210;200;207;213;236;202;233;196;215;224;239;230;220;220;228
15;2020;Nordrhein-Westfalen;65 u. mehr;1871;1916;1915;1831;1924;1854;1954;1855;1930;2006;2021;1967;1940;1969;2024;1857;1789;1722;1669;1636;1726;1670;1717;1635;1610;1777;1626;1561;1576;1688;1704;1857;2211;1777;1689;1685;1665;1753;1687;1665;1728;1700;1799;1827;1908;1899;1969;2075;2114;2152;2254;2311;2293
16;2020;Hessen;Insgesamt;712;730;681;693;689;656;660;649;705;721;751;689;680;672;712;695;633;614;629;585;624;603;610;606;582;579;577;543;573;611;631;608;669;610;592;608;647;653;661;618;611;593;669;667;680;738;710;764;821;797;901;900;887
17;2020;Hessen;0-65;72;65;75;67;76;64;73;65;66;58;68;70;53;56;75;82;64;53;69;62;54;56;64;76;64;56;65;70;59;64;62;59;79;62;66;70;63;60;61;67;68;59;69;70;70;68;61;66;77;56;80;79;64
18;2020;Hessen;65 u. mehr;640;665;606;626;613;592;587;584;639;663;683;619;627;616;637;613;569;561;560;523;570;547;546;530;518;523;512;473;514;547;569;549;590;548;526;538;584;593;600;551;543;534;600;597;610;670;649;698;744;741;821;821;823
19;2020;Rheinland-Pfalz;Insgesamt;465;488;487;472;493;454;493;505;521;502;513;498;475;485;484;446;438;477;448;427;452;468;442;380;386;476;407;417;413;399;431;459;492;423;386;408;435;489;465;453;450;411;459;470;463;484;464;529;575;660;622;658;596
20;2020;Rheinland-Pfalz;0-65;48;63;50;38;51;60;34;56;57;51;53;38;57;52;41;41;50;50;44;57;45;71;42;51;42;50;43;44;48;42;65;48;53;43;50;45;47;47;40;47;54;29;43;38;48;57;53;51;63;62;57;57;51
21;2020;Rheinland-Pfalz;65 u. mehr;417;425;437;434;442;394;459;449;464;451;460;460;418;433;443;405;388;427;404;370;407;397;400;329;344;426;364;373;365;357;366;411;439;380;336;363;388;442;425;406;396;382;416;432;415;427;411;478;512;598;565;601;545
22;2020;Baden-Württemberg;Insgesamt;1100;1107;1109;1080;1205;1152;1143;1099;1160;1179;1192;1185;1200;1277;1277;1209;1154;1104;1096;972;985;930;992;934;941;1001;922;981;897;976;1024;1024;1122;1027;1034;995;993;1031;980;1012;968;993;1119;1098;1114;1130;1172;1303;1354;1415;1408;1447;1373
23;2020;Baden-Württemberg;0-65;108;109;107;101;96;99;99;105;100;112;109;105;96;99;96;95;81;88;90;87;100;105;93;99;91;102;84;98;93;99;92;79;109;83;94;101;102;103;118;85;93;110;96;74;111;87;105;105;103;95;114;91;102
24;2020;Baden-Württemberg;65 u. mehr;992;998;1002;979;1109;1053;1044;994;1060;1067;1083;1080;1104;1178;1181;1114;1073;1016;1006;885;885;825;899;835;850;899;838;883;804;877;932;945;1013;944;940;894;891;928;862;927;875;883;1023;1024;1003;1043;1067;1198;1251;1320;1294;1356;1271
25;2020;Bayern;Insgesamt;1372;1415;1355;1415;1516;1452;1434;1395;1431;1390;1445;1456;1461;1606;1639;1576;1392;1353;1291;1193;1245;1168;1293;1194;1172;1181;1127;1184;1162;1153;1311;1246;1277;1228;1204;1168;1250;1259;1200;1297;1339;1298;1316;1323;1301;1392;1394;1538;1705;1794;1801;1899;1839
26;2020;Bayern;0-65;114;141;145;125;167;137;132;133;152;122;135;148;141;139;152;130;117;135;118;105;118;123;126;119;125;132;98;124;118;100;135;132;128;123;101;122;143;117;107;141;124;127;123;147;95;116;124;130;152;117;126;130;125
27;2020;Bayern;65 u. mehr;1258;1274;1210;1290;1349;1315;1302;1262;1279;1268;1310;1308;1320;1467;1487;1446;1275;1218;1173;1088;1127;1045;1167;1075;1047;1049;1029;1060;1044;1053;1176;1114;1149;1105;1103;1046;1107;1142;1093;1156;1215;1171;1193;1176;1206;1276;1270;1408;1553;1677;1675;1769;1714
28;2020;Saarland;Insgesamt;130;133;148;134;150;131;139;141;143;157;139;153;150;150;149;155;116;120;134;113;119;99;109;105;123;94;97;116;121;128;102;136;148;119;118;106;121;123;143;110;131;126;150;133;148;141;141;140;128;154;155;141;150
29;2020;Saarland;0-65;15;13;16;10;23;16;17;10;11;24;6;17;14;14;8;16;12;12;20;16;9;14;10;11;15;12;12;9;14;13;17;9;19;12;13;13;8;18;9;10;12;16;16;18;14;17;15;15;14;13;12;13;12
30;2020;Saarland;65 u. mehr;115;120;132;124;127;115;122;131;132;133;133;136;136;136;141;139;104;108;114;97;110;85;99;94;108;82;85;107;107;115;85;127;129;107;105;93;113;105;134;100;119;110;134;115;134;124;126;125;114;141;143;128;138
31;2020;Berlin;Insgesamt;339;343;383;376;358;386;319;336;368;355;341;349;372;368;371;342;332;338;346;332;326;326;317;335;297;315;314;273;298;323;334;359;363;350;324;310;316;326;351;327;317;327;355;340;361;410;357;398;464;433;441;424;385
32;2020;Berlin;0-65;29;39;45;41;46;40;36;42;35;38;29;42;34;43;41;41;29;47;36;36;36;45;28;43;41;47;32;44;39;35;43;40;37;35;32;41;27;41;44;37;45;37;51;44;36;45;28;36;47;32;36;28;30
33;2020;Berlin;65 u. mehr;310;304;338;335;312;346;283;294;333;317;312;307;338;325;330;301;303;291;310;296;290;281;289;292;256;268;282;229;259;288;291;319;326;315;292;269;289;285;307;290;272;290;304;296;325;365;329;362;417;401;405;396;355
34;2020;Brandenburg;Insgesamt;327;358;327;338;381;348;339;310;323;292;325;347;343;323;307;313;359;272;296;283;269;279;303;306;303;252;272;295;310;288;301;285;311;311;300;272;308;290;274;274;308;331;313;304;319;312;310;355;402;404;465;507;574
35;2020;Brandenburg;0-65;34;39;35;34;30;34;34;33;19;22;33;22;27;26;27;40;48;34;42;33;30;44;35;25;33;29;30;31;33;31;32;29;19;23;28;29;32;26;16;25;25;40;36;24;37;26;22;26;33;32;36;30;30
36;2020;Brandenburg;65 u. mehr;293;319;292;304;351;314;305;277;304;270;292;325;316;297;280;273;311;238;254;250;239;235;268;281;270;223;242;264;277;257;269;256;292;288;272;243;276;264;258;249;283;291;277;280;282;286;288;329;369;372;429;477;544
37;2020;Mecklenburg-Vorpommern;Insgesamt;198;205;218;187;232;189;237;197;246;216;244;224;214;210;222;188;186;196;186;181;194;205;188;194;188;203;178;178;189;214;183;206;205;167;214;197;211;199;181;224;180;193;186;219;202;227;206;204;239;199;214;247;246
38;2020;Mecklenburg-Vorpommern;0-65;21;27;26;18;23;24;24;23;29;28;25;34;29;26;18;16;15;19;25;14;25;19;22;22;19;16;21;18;24;30;17;32;16;23;33;28;20;25;23;23;20;20;19;25;17;28;17;15;25;21;15;15;22
39;2020;Mecklenburg-Vorpommern;65 u. mehr;177;178;192;169;209;165;213;174;217;188;219;190;185;184;204;172;171;177;161;167;169;186;166;172;169;187;157;160;165;184;166;174;189;144;181;169;191;174;158;201;160;173;167;194;185;199;189;189;214;178;199;232;224
40;2020;Sachsen;Insgesamt;586;581;557;577;551;570;595;565;605;542;566;561;538;574;584;520;506;585;518;517;492;459;498;481;436;481;475;489;506;524;530;504;494;450;457;501;496;504;508;495;462;534;560;614;639;663;759;831;922;1049;1204;1241;1185
41;2020;Sachsen;0-65;40;46;42;45;52;52;36;48;31;39;38;36;52;27;39;39;38;48;27;42;44;31;39;38;40;32;46;51;30;40;45;37;33;34;36;37;26;47;48;38;33;35;43;48;46;33;41;41;50;53;52;66;37
42;2020;Sachsen;65 u. mehr;546;535;515;532;499;518;559;517;574;503;528;525;486;547;545;481;468;537;491;475;448;428;459;443;396;449;429;438;476;484;485;467;461;416;421;464;470;457;460;457;429;499;517;566;593;630;718;790;872;996;1152;1175;1148
43;2020;Sachsen-Anhalt;Insgesamt;343;327;326;314;329;312;310;355;330;361;322;320;346;338;291;295;292;336;294;272;297;293;274;288;268;312;281;286;285;286;267;311;344;308;303;283;307;278;296;327;303;309;317;292;301;309;293;321;363;403;431;470;478
44;2020;Sachsen-Anhalt;0-65;46;33;28;26;28;28;27;34;29;29;29;25;28;30;27;33;35;29;28;34;29;38;28;17;32;25;30;27;29;22;21;30;36;32;20;23;34;31;24;29;35;33;27;27;34;24;32;27;33;32;32;30;39
45;2020;Sachsen-Anhalt;65 u. mehr;297;294;298;288;301;284;283;321;301;332;293;295;318;308;264;262;257;307;266;238;268;255;246;271;236;287;251;259;256;264;246;281;308;276;283;260;273;247;272;298;268;276;290;265;267;285;261;294;330;371;399;440;439
46;2020;Thüringen;Insgesamt;285;301;317;277;284;272;302;300;302;297;302;290;229;304;302;294;265;277;251;248;265;251;245;264;275;274;236;254;229;258;255;283;267;265;255;243;259;256;280;280;252;265;271;263;270;277;291;329;356;387;374;436;457
47;2020;Thüringen;0-65;20;28;27;29;15;33;23;23;32;20;24;27;16;30;21;25;23;25;20;18;22;25;20;19;28;20;14;26;18;23;19;24;19;27;16;24;23;26;21;21;28;18;27;24;26;16;27;35;31;23;21;20;40
48;2020;Thüringen;65 u. mehr;265;273;290;248;269;239;279;277;270;277;278;263;213;274;281;269;242;252;231;230;243;226;225;245;247;254;222;228;211;235;236;259;248;238;239;219;236;230;259;259;224;247;244;239;244;261;264;294;325;364;353;416;417
49;2019;Schleswig-Holstein;Insgesamt;358;346;337;349;331;385;360;381;370;409;355;333;356;335;299;337;349;357;340;304;286;322;331;300;303;308;310;304;320;329;339;323;325;264;335;305;317;334;308;313;304;315;318;353;339;346;346;352;378;336;345;357;X 
50;2019;Schleswig-Holstein;0-65;30;25;44;26;38;38;44;38;46;42;36;31;40;33;32;26;32;39;39;37;26;39;37;34;22;31;39;40;30;37;40;41;43;32;36;26;40;42;26;38;37;32;40;35;35;31;36;30;41;35;35;44;X 
51;2019;Schleswig-Holstein;65 u. mehr;328;321;293;323;293;347;316;343;324;367;319;302;316;302;267;311;317;318;301;267;260;283;294;266;281;277;271;264;290;292;299;282;282;232;299;279;277;292;282;275;267;283;278;318;304;315;310;322;337;301;310;313;X 
52;2019;Hamburg;Insgesamt;176;181;187;185;185;188;175;172;194;215;239;150;174;176;174;186;181;183;162;182;171;139;161;164;144;161;153;136;143;171;162;148;162;160;181;139;136;176;148;153;170;186;178;141;184;170;189;160;188;177;157;178;X 
53;2019;Hamburg;0-65;28;20;15;17;24;25;20;21;23;23;22;13;18;22;19;13;20;21;13;17;19;18;27;25;18;26;21;18;18;20;17;20;23;11;20;20;12;18;17;17;19;20;17;22;17;18;11;15;24;12;14;20;X 
54;2019;Hamburg;65 u. mehr;148;161;172;168;161;163;155;151;171;192;217;137;156;154;155;173;161;162;149;165;152;121;134;139;126;135;132;118;125;151;145;128;139;149;161;119;124;158;131;136;151;166;161;119;167;152;178;145;164;165;143;158;X 
55;2019;Niedersachsen;Insgesamt;939;903;998;1011;980;1030;959;1038;1026;1067;986;985;977;933;906;910;892;881;854;903;820;805;842;837;855;894;845;835;874;940;866;816;818;823;873;815;829;896;900;814;903;885;903;850;865;951;933;939;921;949;927;896;X 
56;2019;Niedersachsen;0-65;92;80;108;113;100;90;116;103;108;102;96;105;114;100;87;95;82;94;98;100;89;81;93;101;101;99;101;91;85;87;103;78;91;111;69;81;94;103;116;92;93;90;100;85;93;117;96;79;116;89;106;80;X 
57;2019;Niedersachsen;65 u. mehr;847;823;890;898;880;940;843;935;918;965;890;880;863;833;819;815;810;787;756;803;731;724;749;736;754;795;744;744;789;853;763;738;727;712;804;734;735;793;784;722;810;795;803;765;772;834;837;860;805;860;821;816;X 
58;2019;Bremen;Insgesamt;86;79;57;78;79;90;83;106;88;78;95;73;74;68;63;64;70;85;59;76;62;74;71;71;66;58;67;74;70;103;69;66;63;60;69;65;70;66;78;65;81;67;57;75;67;80;94;73;73;86;61;64;X 
59;2019;Bremen;0-65;10;8;5;9;5;7;15;7;16;8;8;8;4;6;8;6;12;7;7;8;10;11;9;8;4;5;8;10;9;13;7;15;8;5;6;3;9;7;11;9;12;6;9;6;8;13;11;14;6;4;10;3;X 
60;2019;Bremen;65 u. mehr;76;71;52;69;74;83;68;99;72;70;87;65;70;62;55;58;58;78;52;68;52;63;62;63;62;53;59;64;61;90;62;51;55;55;63;62;61;59;67;56;69;61;48;69;59;67;83;59;67;82;51;61;X 
61;2019;Nordrhein-Westfalen;Insgesamt;2139;2141;2144;2124;2254;2191;2276;2349;2264;2297;2186;2220;2107;2127;2013;2006;1949;1866;1949;1866;1833;1909;1915;1779;1799;2071;1764;1860;1861;2531;1981;1804;1780;1867;1971;1760;1817;1852;1915;1888;1980;1994;1968;1899;1942;1935;2139;2047;2164;2070;2023;1999;X 
62;2019;Nordrhein-Westfalen;0-65;235;225;230;223;235;269;275;214;258;253;199;241;225;208;239;230;216;232;226;214;235;208;203;185;214;227;202;197;224;233;204;188;198;208;209;185;218;201;204;205;218;218;205;200;199;212;220;209;246;229;217;215;X 
63;2019;Nordrhein-Westfalen;65 u. mehr;1904;1916;1914;1901;2019;1922;2001;2135;2006;2044;1987;1979;1882;1919;1774;1776;1733;1634;1723;1652;1598;1701;1712;1594;1585;1844;1562;1663;1637;2298;1777;1616;1582;1659;1762;1575;1599;1651;1711;1683;1762;1776;1763;1699;1743;1723;1919;1838;1918;1841;1806;1784;X 
64;2019;Hessen;Insgesamt;681;658;676;683;772;710;746;745;733;751;685;672;680;628;645;657;624;580;582;607;604;573;595;559;587;650;549;585;612;701;631;614;570;571;610;589;614;625;588;660;657;610;599;628;655;690;688;679;679;683;678;659;X 
65;2019;Hessen;0-65;58;52;68;54;80;62;64;73;66;74;59;59;74;75;69;71;68;57;54;65;48;67;54;63;63;65;56;63;66;59;66;69;64;71;56;78;64;74;57;75;70;58;57;58;70;71;67;74;70;68;73;59;X 
66;2019;Hessen;65 u. mehr;623;606;608;629;692;648;682;672;667;677;626;613;606;553;576;586;556;523;528;542;556;506;541;496;524;585;493;522;546;642;565;545;506;500;554;511;550;551;531;585;587;552;542;570;585;619;621;605;609;615;605;600;X 
67;2019;Rheinland-Pfalz;Insgesamt;515;481;515;482;484;539;585;549;525;536;522;499;496;472;467;485;446;473;414;449;437;407;425;421;438;468;423;429;451;519;393;415;395;382;508;437;405;443;445;414;460;453;438;451;447;496;499;457;503;461;508;447;X 
68;2019;Rheinland-Pfalz;0-65;46;58;51;52;36;72;59;48;53;45;41;44;44;46;49;54;59;51;35;30;44;44;45;59;48;58;53;49;55;56;44;43;50;48;57;55;57;52;45;37;51;48;37;49;60;55;42;44;49;43;60;45;X 
69;2019;Rheinland-Pfalz;65 u. mehr;469;423;464;430;448;467;526;501;472;491;481;455;452;426;418;431;387;422;379;419;393;363;380;362;390;410;370;380;396;463;349;372;345;334;451;382;348;391;400;377;409;405;401;402;387;441;457;413;454;418;448;402;X 
70;2019;Baden-Württemberg;Insgesamt;1083;1172;1174;1272;1207;1205;1201;1281;1283;1205;1205;1118;1117;1099;1024;1116;1026;1068;1007;1047;1018;1010;1003;960;963;1089;1052;916;987;1149;993;978;916;955;1050;955;961;940;1092;1002;1035;1028;1043;1035;1084;1101;1143;1139;1138;1162;1123;1141;X 
71;2019;Baden-Württemberg;0-65;105;121;119;103;129;110;101;114;106;129;108;89;93;97;88;105;115;97;99;104;105;96;103;100;102;104;111;92;86;102;92;105;84;84;89;103;105;90;109;103;99;105;113;107;99;97;127;99;106;95;100;115;X 
72;2019;Baden-Württemberg;65 u. mehr;978;1051;1055;1169;1078;1095;1100;1167;1177;1076;1097;1029;1024;1002;936;1011;911;971;908;943;913;914;900;860;861;985;941;824;901;1047;901;873;832;871;961;852;856;850;983;899;936;923;930;928;985;1004;1016;1040;1032;1067;1023;1026;X 
73;2019;Bayern;Insgesamt;1427;1411;1424;1439;1476;1471;1462;1544;1566;1539;1502;1436;1327;1331;1338;1280;1298;1220;1224;1242;1257;1242;1227;1144;1231;1233;1175;1134;1256;1386;1223;1182;1120;1224;1262;1126;1132;1179;1267;1252;1219;1313;1230;1296;1294;1311;1316;1375;1420;1400;1424;1341;X 
74;2019;Bayern;0-65;130;137;126;128;125;141;128;134;141;131;149;123;109;125;127;126;122;115;115;122;132;126;116;108;124;138;118;90;118;132;130;115;96;128;135;132;112;133;123;123;118;121;119;140;131;118;117;132;160;120;112;80;X 
75;2019;Bayern;65 u. mehr;1297;1274;1298;1311;1351;1330;1334;1410;1425;1408;1353;1313;1218;1206;1211;1154;1176;1105;1109;1120;1125;1116;1111;1036;1107;1095;1057;1044;1138;1254;1093;1067;1024;1096;1127;994;1020;1046;1144;1129;1101;1192;1111;1156;1163;1193;1199;1243;1260;1280;1312;1261;X 
76;2019;Saarland;Insgesamt;134;126;139;151;126;134;137;129;146;162;144;135;146;132;135;160;154;153;146;133;138;131;128;108;137;132;133;124;132;159;116;119;118;115;121;119;119;116;135;127;135;149;108;124;146;118;134;116;141;120;136;130;X 
77;2019;Saarland;0-65;13;11;17;22;12;13;14;15;24;16;13;9;11;13;9;16;16;14;8;14;11;14;12;16;18;11;18;16;17;17;10;12;17;11;14;14;13;12;17;12;10;8;11;13;18;15;10;13;15;12;16;15;X 
78;2019;Saarland;65 u. mehr;121;115;122;129;114;121;123;114;122;146;131;126;135;119;126;144;138;139;138;119;127;117;116;92;119;121;115;108;115;142;106;107;101;104;107;105;106;104;118;115;125;141;97;111;128;103;124;103;126;108;120;115;X 
79;2019;Berlin;Insgesamt;363;360;313;347;371;386;418;392;408;360;384;335;329;335;329;333;325;288;342;336;310;329;340;307;320;329;317;323;288;325;331;300;287;309;359;303;291;312;324;316;289;342;305;305;302;332;321;315;378;353;333;363;X 
80;2019;Berlin;0-65;38;33;26;31;39;36;50;39;43;32;46;33;31;33;40;41;47;36;43;40;38;46;44;33;37;42;31;44;40;36;39;38;27;31;48;38;45;33;28;46;29;45;43;40;39;42;36;31;62;37;36;34;X 
81;2019;Berlin;65 u. mehr;325;327;287;316;332;350;368;353;365;328;338;302;298;302;289;292;278;252;299;296;272;283;296;274;283;287;286;279;248;289;292;262;260;278;311;265;246;279;296;270;260;297;262;265;263;290;285;284;316;316;297;329;X 
82;2019;Brandenburg;Insgesamt;308;337;307;312;342;345;330;322;332;336;361;320;292;317;300;293;284;287;253;241;287;287;290;257;287;308;267;290;285;314;301;303;254;280;311;274;276;274;295;268;293;329;293;274;330;298;267;321;326;291;324;311;X 
83;2019;Brandenburg;0-65;38;38;29;27;24;37;21;41;22;38;43;37;25;23;23;29;25;22;26;24;32;30;28;24;30;36;19;23;36;30;34;33;24;22;25;29;31;29;37;29;26;34;34;34;36;17;26;38;37;34;32;18;X 
84;2019;Brandenburg;65 u. mehr;270;299;278;285;318;308;309;281;310;298;318;283;267;294;277;264;259;265;227;217;255;257;262;233;257;272;248;267;249;284;267;270;230;258;286;245;245;245;258;239;267;295;259;240;294;281;241;283;289;257;292;293;X 
85;2019;Mecklenburg-Vorpommern;Insgesamt;214;218;213;214;236;223;209;233;198;230;232;229;204;212;203;203;214;197;191;212;181;199;196;184;194;219;149;183;203;201;164;184;197;193;215;166;192;196;204;187;216;194;183;206;204;199;207;221;205;220;220;195;X 
86;2019;Mecklenburg-Vorpommern;0-65;25;25;22;26;28;26;18;28;18;22;23;18;17;23;25;19;15;23;21;23;25;24;15;33;25;20;20;19;28;23;16;25;21;22;23;15;19;21;24;19;24;19;17;27;17;18;22;30;24;24;20;19;X 
87;2019;Mecklenburg-Vorpommern;65 u. mehr;189;193;191;188;208;197;191;205;180;208;209;211;187;189;178;184;199;174;170;189;156;175;181;151;169;199;129;164;175;178;148;159;176;171;192;151;173;175;180;168;192;175;166;179;187;181;185;191;181;196;200;176;X 
88;2019;Sachsen;Insgesamt;547;533;577;613;501;596;579;607;634;593;578;531;516;547;510;531;537;490;492;529;495;523;521;496;480;530;506;461;492;559;505;487;472;516;570;486;489;481;480;516;531;516;494;554;505;538;525;547;522;551;617;582;X 
89;2019;Sachsen;0-65;49;50;51;37;47;48;44;50;55;64;51;38;52;46;42;42;37;41;53;35;37;46;46;38;36;46;38;42;26;40;50;30;25;46;50;44;44;37;38;35;42;39;30;46;43;42;36;43;44;36;54;43;X 
90;2019;Sachsen;65 u. mehr;498;483;526;576;454;548;535;557;579;529;527;493;464;501;468;489;500;449;439;494;458;477;475;458;444;484;468;419;466;519;455;457;447;470;520;442;445;444;442;481;489;477;464;508;462;496;489;504;478;515;563;539;X 
91;2019;Sachsen-Anhalt;Insgesamt;322;297;323;322;330;351;343;318;373;369;365;321;313;297;306;311;325;299;284;261;273;278;333;292;298;300;262;254;288;321;302;299;277;268;318;285;295;268;273;261;320;297;321;304;326;281;332;312;344;322;370;304;X 
92;2019;Sachsen-Anhalt;0-65;34;35;29;30;31;35;32;35;37;33;42;30;31;27;25;46;42;28;35;26;27;25;28;28;25;32;33;23;29;30;25;27;28;21;35;28;24;30;22;22;27;34;31;33;37;30;36;35;30;24;38;22;X 
93;2019;Sachsen-Anhalt;65 u. mehr;288;262;294;292;299;316;311;283;336;336;323;291;282;270;281;265;283;271;249;235;246;253;305;264;273;268;229;231;259;291;277;272;249;247;283;257;271;238;251;239;293;263;290;271;289;251;296;277;314;298;332;282;X 
94;2019;Thüringen;Insgesamt;279;306;300;302;310;293;295;294;345;351;331;314;319;307;290;282;279;253;286;262;259;257;240;255;237;252;259;258;266;312;278;287;255;255;257;280;255;248;298;277;260;263;270;289;254;293;307;262;320;289;292;279;X 
95;2019;Thüringen;0-65;25;23;24;23;30;35;20;31;27;33;25;32;21;25;18;22;39;22;18;23;25;30;12;19;19;24;25;17;28;32;22;35;21;21;28;22;28;26;25;33;19;20;27;31;34;30;32;27;23;26;23;28;X 
96;2019;Thüringen;65 u. mehr;254;283;276;279;280;258;275;263;318;318;306;282;298;282;272;260;240;231;268;239;234;227;228;236;218;228;234;241;238;280;256;252;234;234;229;258;227;222;273;244;241;243;243;258;220;263;275;235;297;263;269;251;X 
97;2018;Schleswig-Holstein;Insgesamt;395;328;357;369;362;381;404;480;480;510;454;450;423;381;389;304;356;324;322;292;297;303;296;297;295;289;300;303;344;369;397;341;315;303;302;319;308;340;288;326;321;299;327;290;313;314;302;350;355;341;350;362;X 
98;2018;Schleswig-Holstein;0-65;40;36;33;36;38;39;41;38;46;59;43;48;36;33;40;35;41;33;35;31;26;41;32;38;26;27;35;41;38;46;47;42;25;31;33;34;33;40;31;31;36;32;29;36;31;30;34;51;32;50;37;46;X 
99;2018;Schleswig-Holstein;65 u. mehr;355;292;324;333;324;342;363;442;434;451;411;402;387;348;349;269;315;291;287;261;271;262;264;259;269;262;265;262;306;323;350;299;290;272;269;285;275;300;257;295;285;267;298;254;282;284;268;299;323;291;313;316;X 
100;2018;Hamburg;Insgesamt;174;186;189;195;226;186;199;218;238;223;254;226;224;199;171;178;149;169;158;146;167;171;155;152;158;169;151;142;142;181;209;189;165;166;156;146;150;165;167;145;149;157;183;163;177;177;203;203;162;182;195;176;X 
101;2018;Hamburg;0-65;17;13;22;23;13;17;19;21;24;21;33;20;26;18;24;17;14;21;16;21;16;20;19;13;19;13;17;22;15;18;19;26;17;17;19;21;19;15;19;18;20;19;22;20;21;21;13;22;19;20;21;20;X 
102;2018;Hamburg;65 u. mehr;157;173;167;172;213;169;180;197;214;202;221;206;198;181;147;161;135;148;142;125;151;151;136;139;139;156;134;120;127;163;190;163;148;149;137;125;131;150;148;127;129;138;161;143;156;156;190;181;143;162;174;156;X 
103;2018;Niedersachsen;Insgesamt;1017;897;1019;1003;1040;1043;1099;1186;1327;1473;1354;1236;1103;1055;978;922;850;825;840;818;850;868;813;774;795;844;872;869;807;1052;1047;887;830;782;820;799;817;796;830;819;850;811;849;865;888;815;881;877;945;923;903;890;X 
104;2018;Niedersachsen;0-65;99;104;115;103;117;99;101;115;140;122;117;99;110;119;87;88;96;89;97;84;94;97;91;109;92;97;102;100;78;105;101;82;98;105;77;90;88;80;87;94;107;90;88;109;92;87;104;85;109;93;97;90;X 
105;2018;Niedersachsen;65 u. mehr;918;793;904;900;923;944;998;1071;1187;1351;1237;1137;993;936;891;834;754;736;743;734;756;771;722;665;703;747;770;769;729;947;946;805;732;677;743;709;729;716;743;725;743;721;761;756;796;728;777;792;836;830;806;800;X 
106;2018;Bremen;Insgesamt;76;83;79;88;75;86;92;96;124;123;117;93;92;87;87;76;64;63;69;56;63;68;76;74;78;70;72;62;70;80;91;82;70;75;82;79;64;74;61;68;59;77;79;69;59;75;83;75;83;69;74;74;X 
107;2018;Bremen;0-65;8;9;4;11;5;8;7;12;16;17;10;8;7;7;10;11;12;16;9;4;10;6;11;13;13;10;10;8;9;10;12;12;11;8;12;5;8;9;12;9;10;10;11;10;9;13;8;6;8;4;9;12;X 
108;2018;Bremen;65 u. mehr;68;74;75;77;70;78;85;84;108;106;107;85;85;80;77;65;52;47;60;52;53;62;65;61;65;60;62;54;61;70;79;70;59;67;70;74;56;65;49;59;49;67;68;59;50;62;75;69;75;65;65;62;X 
109;2018;Nordrhein-Westfalen;Insgesamt;2188;2144;2150;2223;2170;2359;2420;2641;3113;3264;2802;2668;2443;2319;2167;2075;1870;1817;1975;1800;1853;1993;1837;1741;1803;1810;1872;1799;1973;2266;2443;2245;1882;1764;1841;1854;1795;1931;1765;1859;1883;1850;1769;1920;1982;1831;1946;1995;2016;1890;2082;2034;X 
110;2018;Nordrhein-Westfalen;0-65;244;215;235;255;244;238;263;286;291;315;279;253;231;238;241;212;204;217;226;178;205;230;211;199;240;207;208;216;212;215;236;217;203;229;196;230;207;242;194;197;211;192;218;229;236;223;224;209;230;207;212;218;X 
111;2018;Nordrhein-Westfalen;65 u. mehr;1944;1929;1915;1968;1926;2121;2157;2355;2822;2949;2523;2415;2212;2081;1926;1863;1666;1600;1749;1622;1648;1763;1626;1542;1563;1603;1664;1583;1761;2051;2207;2028;1679;1535;1645;1624;1588;1689;1571;1662;1672;1658;1551;1691;1746;1608;1722;1786;1786;1683;1870;1816;X 
112;2018;Hessen;Insgesamt;649;659;675;707;673;693;736;824;899;992;857;756;727;721;668;649;622;594;583;606;571;589;585;529;556;585;577;542;614;633;715;700;590;618;578;606;637;608;602;585;632;613;601;616;612;597;645;662;641;670;720;672;X 
113;2018;Hessen;0-65;69;57;59;75;65;61;76;94;82;106;81;64;67;68;66;70;63;63;57;64;59;55;69;65;56;77;76;60;71;59;64;70;53;60;63;80;68;71;65;73;85;77;62;64;61;65;72;65;53;69;69;70;X 
114;2018;Hessen;65 u. mehr;580;602;616;632;608;632;660;730;817;886;776;692;660;653;602;579;559;531;526;542;512;534;516;464;500;508;501;482;543;574;651;630;537;558;515;526;569;537;537;512;547;536;539;552;551;532;573;597;588;601;651;602;X 
115;2018;Rheinland-Pfalz;Insgesamt;504;495;432;457;475;472;567;621;695;756;692;614;526;501;498;438;404;428;441;401;425;431;399;402;402;467;409;412;432;501;484;496;407;480;382;425;394;415;402;415;431;395;410;435;458;419;455;448;486;395;470;507;X 
116;2018;Rheinland-Pfalz;0-65;39;46;43;36;43;55;53;58;65;83;68;63;39;65;47;52;45;46;44;44;67;45;42;43;45;47;43;45;43;51;48;47;41;58;40;45;43;48;45;41;53;44;50;52;46;57;54;45;52;46;63;65;X 
117;2018;Rheinland-Pfalz;65 u. mehr;465;449;389;421;432;417;514;563;630;673;624;551;487;436;451;386;359;382;397;357;358;386;357;359;357;420;366;367;389;450;436;449;366;422;342;380;351;367;357;374;378;351;360;383;412;362;401;403;434;349;407;442;X 
118;2018;Baden-Württemberg;Insgesamt;1160;1124;1128;1124;1167;1172;1261;1381;1546;1553;1404;1350;1219;1117;1173;1025;999;1021;1026;950;1025;971;1042;867;894;974;1046;896;959;1050;1173;1144;1004;1048;958;993;987;1069;959;957;1008;987;1021;964;1054;1051;1065;1082;1080;1094;1101;1106;X 
119;2018;Baden-Württemberg;0-65;106;106;123;112;123;107;115;127;134;130;119;111;94;111;96;90;96;105;113;95;128;83;107;90;84;90;110;90;98;99;116;104;109;125;107;98;86;110;102;97;106;91;137;88;106;91;108;104;108;102;89;113;X 
120;2018;Baden-Württemberg;65 u. mehr;1054;1018;1005;1012;1044;1065;1146;1254;1412;1423;1285;1239;1125;1006;1077;935;903;916;913;855;897;888;935;777;810;884;936;806;861;951;1057;1040;895;923;851;895;901;959;857;860;902;896;884;876;948;960;957;978;972;992;1012;993;X 
121;2018;Bayern;Insgesamt;1398;1396;1427;1413;1455;1525;1625;1616;1790;1880;1690;1634;1532;1410;1343;1249;1266;1253;1229;1176;1231;1149;1245;1143;1110;1171;1214;1177;1185;1192;1372;1283;1183;1201;1101;1159;1169;1192;1142;1219;1193;1198;1222;1203;1269;1205;1320;1283;1306;1327;1388;1302;X 
122;2018;Bayern;0-65;131;141;125;124;123;137;150;157;163;158;141;147;163;136;114;143;115;115;128;116;130;109;136;125;122;132;108;118;122;116;129;116;122;111;106;119;103;125;118;121;102;131;103;97;131;106;116;129;121;118;131;110;X 
123;2018;Bayern;65 u. mehr;1267;1255;1302;1289;1332;1388;1475;1459;1627;1722;1549;1487;1369;1274;1229;1106;1151;1138;1101;1060;1101;1040;1109;1018;988;1039;1106;1059;1063;1076;1243;1167;1061;1090;995;1040;1066;1067;1024;1098;1091;1067;1119;1106;1138;1099;1204;1154;1185;1209;1257;1192;X 
124;2018;Saarland;Insgesamt;148;149;134;149;140;158;162;187;198;221;220;162;144;151;137;148;105;132;122;151;125;122;132;110;131;115;111;120;116;142;132;128;108;129;135;107;129;128;118;106;134;128;106;127;124;130;133;125;139;135;123;134;X 
125;2018;Saarland;0-65;17;8;20;15;20;12;18;20;14;21;20;18;10;16;18;14;22;18;18;21;13;15;15;9;17;18;11;11;14;12;21;15;12;12;16;9;17;15;12;16;15;11;12;15;11;13;8;10;19;16;19;16;X 
126;2018;Saarland;65 u. mehr;131;141;114;134;120;146;144;167;184;200;200;144;134;135;119;134;83;114;104;130;112;107;117;101;114;97;100;109;102;130;111;113;96;117;119;98;112;113;106;90;119;117;94;112;113;117;125;115;120;119;104;118;X 
127;2018;Berlin;Insgesamt;346;348;399;356;385;372;400;476;425;500;463;455;418;385;376;356;317;310;323;307;331;323;291;301;284;292;280;250;306;357;437;365;316;315;336;336;335;322;284;329;285;304;329;338;339;323;345;359;359;304;362;312;X 
128;2018;Berlin;0-65;48;37;54;38;38;55;38;50;43;62;47;43;48;40;43;35;42;43;43;31;46;46;46;42;35;30;36;33;46;36;49;36;44;41;32;48;42;38;26;54;26;36;47;38;42;30;54;35;45;34;48;40;X 
129;2018;Berlin;65 u. mehr;298;311;345;318;347;317;362;426;382;438;416;412;370;345;333;321;275;267;280;276;285;277;245;259;249;262;244;217;260;321;388;329;272;274;304;288;293;284;258;275;259;268;282;300;297;293;291;324;314;270;314;272;X 
130;2018;Brandenburg;Insgesamt;310;283;332;293;317;337;372;415;443;472;444;415;399;364;356;320;274;269;309;256;273;319;252;259;252;271;252;246;284;319;341;332;297;290;250;269;270;271;250;289;290;268;282;272;296;273;289;313;330;294;349;322;X 
131;2018;Brandenburg;0-65;38;32;29;31;40;32;43;51;30;42;35;39;35;40;33;34;33;26;28;26;31;33;25;24;37;34;31;26;38;24;30;26;35;25;23;33;28;24;30;35;24;28;30;32;30;19;23;34;31;29;29;27;X 
132;2018;Brandenburg;65 u. mehr;272;251;303;262;277;305;329;364;413;430;409;376;364;324;323;286;241;243;281;230;242;286;227;235;215;237;221;220;246;295;311;306;262;265;227;236;242;247;220;254;266;240;252;240;266;254;266;279;299;265;320;295;X 
133;2018;Mecklenburg-Vorpommern;Insgesamt;230;223;193;218;216;207;239;244;269;282;288;280;238;248;227;206;209;183;180;189;189;183;207;163;176;181;171;170;191;211;230;188;184;190;205;162;180;178;184;177;193;183;180;192;188;195;206;189;196;228;213;199;X 
134;2018;Mecklenburg-Vorpommern;0-65;27;24;20;25;14;14;31;21;25;29;26;32;18;24;20;27;24;18;24;22;23;18;32;19;22;21;21;17;25;21;23;16;25;15;26;10;19;20;11;26;24;27;21;20;31;19;26;21;16;30;12;27;X 
135;2018;Mecklenburg-Vorpommern;65 u. mehr;203;199;173;193;202;193;208;223;244;253;262;248;220;224;207;179;185;165;156;167;166;165;175;144;154;160;150;153;166;190;207;172;159;175;179;152;161;158;173;151;169;156;159;172;157;176;180;168;180;198;201;172;X 
136;2018;Sachsen;Insgesamt;613;546;568;578;578;665;727;694;771;867;804;748;648;626;569;536;564;530;536;436;450;538;500;442;472;428;476;485;516;515;634;529;553;515;468;469;479;531;458;492;494;483;482;446;512;517;511;536;515;542;507;536;X 
137;2018;Sachsen;0-65;48;36;50;47;31;42;34;50;51;48;59;44;37;42;30;37;48;50;43;37;39;50;34;34;40;37;36;41;48;35;40;43;46;33;42;43;51;47;42;38;41;29;32;36;47;40;40;54;37;45;39;41;X 
138;2018;Sachsen;65 u. mehr;565;510;518;531;547;623;693;644;720;819;745;704;611;584;539;499;516;480;493;399;411;488;466;408;432;391;440;444;468;480;594;486;507;482;426;426;428;484;416;454;453;454;450;410;465;477;471;482;478;497;468;495;X 
139;2018;Sachsen-Anhalt;Insgesamt;345;331;327;320;327;343;377;397;510;542;464;434;382;344;342;349;317;287;319;322;290;323;269;274;280;301;290;239;302;329;368;293;272;262;248;291;283;266;275;285;306;293;254;292;298;254;313;327;307;325;321;309;X 
140;2018;Sachsen-Anhalt;0-65;35;45;27;22;33;40;44;35;33;40;42;32;31;23;30;33;33;27;32;30;35;23;25;23;36;37;26;22;26;24;35;17;21;40;26;30;29;20;23;25;24;38;33;25;36;18;28;43;23;29;52;26;X 
141;2018;Sachsen-Anhalt;65 u. mehr;310;286;300;298;294;303;333;362;477;502;422;402;351;321;312;316;284;260;287;292;255;300;244;251;244;264;264;217;276;305;333;276;251;222;222;261;254;246;252;260;282;255;221;267;262;236;285;284;284;296;269;283;X 
142;2018;Thüringen;Insgesamt;305;268;299;248;310;321;305;354;434;489;452;377;384;327;334;286;257;270;273;266;253;262;268;222;231;253;276;255;224;280;288;253;290;265;234;255;255;277;247;274;265;274;225;255;284;243;242;279;283;281;318;287;X 
143;2018;Thüringen;0-65;31;28;23;24;26;25;33;28;33;47;29;26;26;26;33;29;24;29;27;26;25;25;36;23;23;29;22;17;19;28;33;19;24;27;18;21;37;25;29;17;21;24;16;25;26;24;32;31;23;27;26;30;X 
144;2018;Thüringen;65 u. mehr;274;240;276;224;284;296;272;326;401;442;423;351;358;301;301;257;233;241;246;240;228;237;232;199;208;224;254;238;205;252;255;234;266;238;216;234;218;252;218;257;244;250;209;230;258;219;210;248;260;254;292;257;X 
145;2017;Schleswig-Holstein;Insgesamt;361;375;367;357;430;461;433;478;445;344;379;353;324;349;325;308;335;334;312;341;305;320;295;315;315;293;307;287;321;333;292;314;303;298;299;286;301;286;289;328;340;322;318;316;324;329;363;306;343;338;351;355;X 
146;2017;Schleswig-Holstein;0-65;39;46;45;40;40;39;49;36;39;29;41;35;31;31;36;30;35;35;31;32;35;35;32;43;32;33;36;33;40;31;36;33;43;35;37;31;44;30;32;34;42;29;29;40;24;41;36;33;44;38;38;37;X 
147;2017;Schleswig-Holstein;65 u. mehr;322;329;322;317;390;422;384;442;406;315;338;318;293;318;289;278;300;299;281;309;270;285;263;272;283;260;271;254;281;302;256;281;260;263;262;255;257;256;257;294;298;293;289;276;300;288;327;273;299;300;313;318;X 
148;2017;Hamburg;Insgesamt;195;231;204;228;216;207;203;214;226;176;178;152;188;156;161;174;147;164;142;171;159;173;148;140;143;141;167;146;158;157;170;182;168;150;158;160;141;177;149;153;151;164;172;138;158;182;180;170;154;196;189;187;X 
149;2017;Hamburg;0-65;19;21;26;23;18;21;25;20;26;12;17;15;30;14;18;20;9;20;19;29;21;17;20;14;17;13;13;21;22;15;21;23;23;18;12;18;19;19;20;21;13;15;20;14;15;19;16;19;13;22;12;20;X 
150;2017;Hamburg;65 u. mehr;176;210;178;205;198;186;178;194;200;164;161;137;158;142;143;154;138;144;123;142;138;156;128;126;126;128;154;125;136;142;149;159;145;132;146;142;122;158;129;132;138;149;152;124;143;163;164;151;141;174;177;167;X 
151;2017;Niedersachsen;Insgesamt;1099;1124;1039;1113;1188;1161;1186;1214;1146;1037;1009;902;915;849;849;820;936;839;913;882;882;825;823;775;859;805;833;786;815;778;835;829;895;824;832;772;810;850;868;860;853;839;845;850;872;904;925;937;939;939;923;998;X 
152;2017;Niedersachsen;0-65;92;124;100;101;111;117;115;105;97;103;118;92;84;87;96;94;102;83;90;94;108;85;93;78;92;89;100;97;95;92;82;88;110;91;101;83;92;92;113;102;103;86;81;97;100;115;101;87;100;121;95;102;X 
153;2017;Niedersachsen;65 u. mehr;1007;1000;939;1012;1077;1044;1071;1109;1049;934;891;810;831;762;753;726;834;756;823;788;774;740;730;697;767;716;733;689;720;686;753;741;785;733;731;689;718;758;755;758;750;753;764;753;772;789;824;850;839;818;828;896;X 
154;2017;Bremen;Insgesamt;85;87;94;99;95;100;92;110;99;61;83;75;69;62;83;78;80;72;78;61;84;62;68;67;66;76;66;62;79;64;69;54;64;76;66;69;71;62;77;76;81;79;63;72;81;79;79;77;92;77;86;74;X 
155;2017;Bremen;0-65;9;9;8;10;12;7;6;9;7;10;6;8;3;4;10;7;12;10;16;4;7;8;4;8;11;5;10;5;8;7;7;7;7;10;5;6;4;10;6;7;6;10;2;7;8;14;7;14;10;7;11;5;X 
156;2017;Bremen;65 u. mehr;76;78;86;89;83;93;86;101;92;51;77;67;66;58;73;71;68;62;62;57;77;54;64;59;55;71;56;57;71;57;62;47;57;66;61;63;67;52;71;69;75;69;61;65;73;65;72;63;82;70;75;69;X 
157;2017;Nordrhein-Westfalen;Insgesamt;2339;2447;2373;2522;2748;2586;2538;2495;2352;2213;2125;2022;1944;1877;1923;1903;1923;1965;1938;1875;1822;1894;1721;1848;1882;1771;1867;1798;1883;1866;1746;1827;1844;1816;1849;1761;1756;1851;1866;1844;1967;1935;1821;1865;1947;1950;1992;1988;2139;2119;2192;2105;X 
158;2017;Nordrhein-Westfalen;0-65;260;228;259;240;246;237;244;225;239;245;221;224;206;205;218;207;233;235;234;205;197;211;214;219;215;198;205;250;218;239;176;200;222;211;206;201;221;223;193;190;217;231;211;201;222;236;212;212;256;219;233;246;X 
159;2017;Nordrhein-Westfalen;65 u. mehr;2079;2219;2114;2282;2502;2349;2294;2270;2113;1968;1904;1798;1738;1672;1705;1696;1690;1730;1704;1670;1625;1683;1507;1629;1667;1573;1662;1548;1665;1627;1570;1627;1622;1605;1643;1560;1535;1628;1673;1654;1750;1704;1610;1664;1725;1714;1780;1776;1883;1900;1959;1859;X 
160;2017;Hessen;Insgesamt;744;772;780;862;917;887;857;849;755;700;647;632;608;589;591;585;631;627;593;605;593;641;545;565;603;585;628;545;586;563;587;617;613;587;555;578;597;609;610;579;624;631;643;570;603;611;642;621;651;640;638;687;X 
161;2017;Hessen;0-65;70;58;65;70;84;77;60;90;70;70;70;67;53;59;52;72;67;59;62;66;55;68;56;73;55;70;70;52;55;66;90;68;71;75;63;58;61;75;66;72;73;68;61;61;57;57;66;65;63;74;58;64;X 
162;2017;Hessen;65 u. mehr;674;714;715;792;833;810;797;759;685;630;577;565;555;530;539;513;564;568;531;539;538;573;489;492;548;515;558;493;531;497;497;549;542;512;492;520;536;534;544;507;551;563;582;509;546;554;576;556;588;566;580;623;X 
163;2017;Rheinland-Pfalz;Insgesamt;536;579;561;544;680;647;575;615;541;484;505;468;474;464;434;432;446;426;455;414;442;482;384;415;453;403;454;401;448;398;457;380;393;417;381;419;372;405;441;410;451;432;431;443;468;450;438;452;463;475;471;502;X 
164;2017;Rheinland-Pfalz;0-65;42;51;46;49;52;47;49;64;52;55;43;51;47;44;58;37;48;57;59;43;42;48;54;54;44;42;54;55;52;43;56;49;45;58;46;50;45;47;50;38;43;40;45;43;56;46;42;58;56;46;44;58;X 
165;2017;Rheinland-Pfalz;65 u. mehr;494;528;515;495;628;600;526;551;489;429;462;417;427;420;376;395;398;369;396;371;400;434;330;361;409;361;400;346;396;355;401;331;348;359;335;369;327;358;391;372;408;392;386;400;412;404;396;394;407;429;427;444;X 
166;2017;Baden-Württemberg;Insgesamt;1288;1404;1269;1448;1536;1428;1356;1331;1236;1100;1112;1014;1036;955;1035;1016;996;982;1021;1000;944;973;902;907;1048;984;930;911;976;988;1015;951;1008;927;939;896;932;966;1008;1009;1012;1011;1000;1001;1057;1034;1017;1004;1104;1052;1091;1121;X 
167;2017;Baden-Württemberg;0-65;97;112;99;125;99;110;109;120;121;100;111;81;89;102;116;117;96;87;97;108;102;107;101;98;114;106;101;109;103;84;101;93;89;96;92;95;102;101;104;110;107;83;94;112;113;96;107;90;103;107;103;115;X 
168;2017;Baden-Württemberg;65 u. mehr;1191;1292;1170;1323;1437;1318;1247;1211;1115;1000;1001;933;947;853;919;899;900;895;924;892;842;866;801;809;934;878;829;802;873;904;914;858;919;831;847;801;830;865;904;899;905;928;906;889;944;938;910;914;1001;945;988;1006;X 
169;2017;Bayern;Insgesamt;1708;1744;1733;1780;1787;1671;1659;1588;1478;1436;1402;1297;1250;1296;1302;1190;1244;1209;1268;1193;1123;1253;1192;1218;1209;1234;1183;1034;1200;1169;1211;1161;1231;1187;1137;1122;1177;1193;1221;1198;1342;1217;1304;1207;1324;1266;1305;1301;1271;1353;1375;1385;X 
170;2017;Bayern;0-65;148;142;146;134;126;139;144;118;110;135;142;114;120;113;134;112;147;132;141;101;122;114;131;129;139;139;117;105;121;119;154;123;118;128;94;102;110;120;107;140;121;137;118;122;121;107;127;117;134;116;145;136;X 
171;2017;Bayern;65 u. mehr;1560;1602;1587;1646;1661;1532;1515;1470;1368;1301;1260;1183;1130;1183;1168;1078;1097;1077;1127;1092;1001;1139;1061;1089;1070;1095;1066;929;1079;1050;1057;1038;1113;1059;1043;1020;1067;1073;1114;1058;1221;1080;1186;1085;1203;1159;1178;1184;1137;1237;1230;1249;X 
172;2017;Saarland;Insgesamt;151;184;156;166;164;142;174;150;178;150;139;140;116;120;109;127;128;131;120;110;135;121;119;113;134;104;128;135;106;108;115;95;115;112;122;109;114;130;125;112;150;108;113;132;124;135;137;134;128;134;132;131;X 
173;2017;Saarland;0-65;21;22;13;11;23;13;18;13;8;16;13;21;14;14;16;24;8;17;15;8;14;13;16;17;11;9;16;12;16;20;7;10;12;15;13;14;8;21;18;11;17;12;17;16;16;14;14;8;16;19;18;8;X 
174;2017;Saarland;65 u. mehr;130;162;143;155;141;129;156;137;170;134;126;119;102;106;93;103;120;114;105;102;121;108;103;96;123;95;112;123;90;88;108;85;103;97;109;95;106;109;107;101;133;96;96;116;108;121;123;126;112;115;114;123;X 
175;2017;Berlin;Insgesamt;400;395;433;445;458;449;442;439;392;360;357;329;345;312;325;308;318;306;334;354;303;308;294;306;274;299;281;287;276;279;305;285;282;260;329;295;316;353;325;318;333;331;304;347;339;295;294;307;322;375;328;336;X 
176;2017;Berlin;0-65;57;38;42;46;36;40;45;43;42;52;37;40;45;38;42;36;42;36;34;42;40;38;35;38;35;38;35;42;38;40;31;32;27;30;46;43;42;48;33;47;33;43;32;42;43;40;39;27;39;41;40;33;X 
177;2017;Berlin;65 u. mehr;343;357;391;399;422;409;397;396;350;308;320;289;300;274;283;272;276;270;300;312;263;270;259;268;239;261;246;245;238;239;274;253;255;230;283;252;274;305;292;271;300;288;272;305;296;255;255;280;283;334;288;303;X 
178;2017;Brandenburg;Insgesamt;386;358;376;324;430;418;431;412;364;317;336;283;302;306;260;288;283;281;287;279;260;270;284;287;281;259;258;251;294;277;265;258;256;267;296;231;304;262;258;317;316;281;276;293;278;325;287;281;316;312;289;320;X 
179;2017;Brandenburg;0-65;43;31;40;33;29;39;43;37;40;30;30;24;23;37;28;29;34;35;27;27;23;37;35;29;26;25;34;33;23;29;33;29;27;38;34;37;30;28;17;38;40;38;30;29;34;37;35;28;32;36;40;43;X 
180;2017;Brandenburg;65 u. mehr;343;327;336;291;401;379;388;375;324;287;306;259;279;269;232;259;249;246;260;252;237;233;249;258;255;234;224;218;271;248;232;229;229;229;262;194;274;234;241;279;276;243;246;264;244;288;252;253;284;276;249;277;X 
181;2017;Mecklenburg-Vorpommern;Insgesamt;205;203;252;228;252;217;260;280;239;204;170;176;212;195;186;181;220;187;184;202;209;185;158;158;170;174;175;169;198;186;169;184;172;155;176;171;174;158;158;169;183;183;167;183;208;186;190;183;199;232;209;181;X 
182;2017;Mecklenburg-Vorpommern;0-65;20;29;17;16;24;13;19;28;16;22;18;17;24;22;21;12;27;20;19;24;28;25;14;16;21;19;18;23;22;24;24;27;12;20;26;20;19;12;23;13;21;23;18;19;28;20;22;21;18;28;23;12;X 
183;2017;Mecklenburg-Vorpommern;65 u. mehr;185;174;235;212;228;204;241;252;223;182;152;159;188;173;165;169;193;167;165;178;181;160;144;142;149;155;157;146;176;162;145;157;160;135;150;151;155;146;135;156;162;160;149;164;180;166;168;162;181;204;186;169;X 
184;2017;Sachsen;Insgesamt;635;681;645;650;734;720;749;741;667;594;529;518;499;469;519;461;546;546;519;486;480;451;449;503;474;447;463;514;441;465;539;488;483;464;485;488;453;492;524;489;467;516;490;485;471;496;505;548;543;522;598;584;X 
185;2017;Sachsen;0-65;48;43;43;49;33;52;46;43;48;36;34;45;42;40;45;47;52;37;42;42;40;32;40;49;47;39;41;39;26;46;47;43;45;37;43;31;46;42;46;30;34;45;43;41;44;40;50;49;36;43;44;47;X 
186;2017;Sachsen;65 u. mehr;587;638;602;601;701;668;703;698;619;558;495;473;457;429;474;414;494;509;477;444;440;419;409;454;427;408;422;475;415;419;492;445;438;427;442;457;407;450;478;459;433;471;447;444;427;456;455;499;507;479;554;537;X 
187;2017;Sachsen-Anhalt;Insgesamt;356;420;361;416;386;397;488;399;372;367;307;304;307;297;301;290;305;320;294;298;285;290;282;256;274;282;274;306;279;256;291;259;269;246;281;262;289;319;302;310;310;272;327;283;280;289;305;305;317;350;313;332;X 
188;2017;Sachsen-Anhalt;0-65;28;27;38;44;41;23;41;28;28;28;31;32;37;24;32;34;28;35;40;42;32;26;26;25;33;28;37;27;19;23;33;30;20;23;36;36;25;39;33;30;32;23;42;21;34;22;30;31;32;41;45;35;X 
189;2017;Sachsen-Anhalt;65 u. mehr;328;393;323;372;345;374;447;371;344;339;276;272;270;273;269;256;277;285;254;256;253;264;256;231;241;254;237;279;260;233;258;229;249;223;245;226;264;280;269;280;278;249;285;262;246;267;275;274;285;309;268;297;X 
190;2017;Thüringen;Insgesamt;330;351;334;390;442;388;398;367;395;301;288;255;290;301;237;278;282;274;290;301;255;276;261;263;278;265;249;256;265;252;251;243;239;262;280;239;254;259;275;275;264;262;261;255;290;267;257;306;305;263;296;261;X 
191;2017;Thüringen;0-65;28;33;32;33;29;30;25;24;33;21;23;19;22;31;21;33;26;34;31;37;27;35;26;31;27;20;21;25;27;32;21;25;17;26;26;24;25;26;18;27;31;22;27;23;24;22;18;30;34;23;19;17;X 
192;2017;Thüringen;65 u. mehr;302;318;302;357;413;358;373;343;362;280;265;236;268;270;216;245;256;240;259;264;228;241;235;232;251;245;228;231;238;220;230;218;222;236;254;215;229;233;257;248;233;240;234;232;266;245;239;276;271;240;277;244;X 
193;2016;Schleswig-Holstein;Insgesamt;375;373;371;372;373;359;333;321;334;384;353;375;365;344;341;334;318;318;350;329;313;291;291;266;337;248;254;284;287;279;345;317;310;311;303;334;285;263;303;307;303;343;328;351;349;334;323;355;315;312;344;362;X 
194;2016;Schleswig-Holstein;0-65;44;46;36;35;35;45;35;39;39;48;39;43;36;23;51;31;34;42;35;33;28;40;43;37;44;31;30;38;22;26;34;36;46;34;33;35;30;36;43;29;33;27;37;36;35;35;29;34;32;24;31;38;X 
195;2016;Schleswig-Holstein;65 u. mehr;331;327;335;337;338;314;298;282;295;336;314;332;329;321;290;303;284;276;315;296;285;251;248;229;293;217;224;246;265;253;311;281;264;277;270;299;255;227;260;278;270;316;291;315;314;299;294;321;283;288;313;324;X 
196;2016;Hamburg;Insgesamt;230;191;193;202;190;164;174;166;201;171;191;176;175;188;161;156;147;156;176;157;138;153;137;170;162;136;165;166;177;145;157;178;154;140;154;132;170;159;156;154;196;179;183;177;179;180;175;199;184;185;190;201;X 
197;2016;Hamburg;0-65;24;26;29;19;21;20;25;17;22;18;14;20;18;17;14;22;13;22;20;13;7;18;22;26;17;14;19;23;28;14;20;15;15;20;24;14;11;18;18;11;17;18;20;17;16;14;18;24;27;20;22;17;X 
198;2016;Hamburg;65 u. mehr;206;165;164;183;169;144;149;149;179;153;177;156;157;171;147;134;134;134;156;144;131;135;115;144;145;122;146;143;149;131;137;163;139;120;130;118;159;141;138;143;179;161;163;160;163;166;157;175;157;165;168;184;X 
199;2016;Niedersachsen;Insgesamt;1027;997;975;995;966;956;951;924;1037;1006;975;965;959;995;906;832;877;863;935;850;885;870;797;801;857;769;844;861;826;817;790;770;808;940;846;825;829;817;807;849;869;856;904;872;904;950;894;945;955;918;1038;985;X 
200;2016;Niedersachsen;0-65;110;118;84;101;136;94;108;97;111;106;103;114;86;95;106;87;113;110;114;84;99;120;90;90;99;74;85;102;96;82;90;88;85;107;90;90;76;94;93;94;91;92;105;85;95;105;105;82;83;98;106;104;X 
201;2016;Niedersachsen;65 u. mehr;917;879;891;894;830;862;843;827;926;900;872;851;873;900;800;745;764;753;821;766;786;750;707;711;758;695;759;759;730;735;700;682;723;833;756;735;753;723;714;755;778;764;799;787;809;845;789;863;872;820;932;881;X 
202;2016;Bremen;Insgesamt;81;78;77;91;79;83;84;69;59;82;74;77;70;75;77;66;70;61;84;82;72;89;72;62;74;61;60;66;82;78;63;60;72;85;55;77;69;76;75;76;81;69;87;89;107;92;76;92;84;89;83;82;X 
203;2016;Bremen;0-65;12;9;10;14;11;10;8;7;8;8;9;6;2;13;6;7;12;8;11;8;11;13;10;5;9;7;12;6;6;6;9;9;11;11;5;11;9;10;7;6;11;10;9;11;11;6;8;9;8;12;14;8;X 
204;2016;Bremen;65 u. mehr;69;69;67;77;68;73;76;62;51;74;65;71;68;62;71;59;58;53;73;74;61;76;62;57;65;54;48;60;76;72;54;51;61;74;50;66;60;66;68;70;70;59;78;78;96;86;68;83;76;77;69;74;X 
205;2016;Nordrhein-Westfalen;Insgesamt;1983;2038;2052;2147;2084;2136;2160;2095;2117;2176;2237;2202;2156;2133;1973;1968;1907;1930;2070;1881;1845;1827;1730;1748;1910;1782;1880;1928;2016;1759;1716;1726;1857;1971;1806;1860;1891;1790;1863;1785;1902;1946;2003;1939;1952;2184;2091;2032;2169;2226;2195;2187;X 
206;2016;Nordrhein-Westfalen;0-65;211;226;212;216;223;240;227;233;233;243;267;233;247;258;181;243;200;208;252;204;231;215;224;201;234;237;231;237;217;189;196;191;214;231;218;228;222;207;224;247;223;226;239;200;202;241;210;231;227;259;235;237;X 
207;2016;Nordrhein-Westfalen;65 u. mehr;1772;1812;1840;1931;1861;1896;1933;1862;1884;1933;1970;1969;1909;1875;1792;1725;1707;1722;1818;1677;1614;1612;1506;1547;1676;1545;1649;1691;1799;1570;1520;1535;1643;1740;1588;1632;1669;1583;1639;1538;1679;1720;1764;1739;1750;1943;1881;1801;1942;1967;1960;1950;X 
208;2016;Hessen;Insgesamt;675;691;641;672;658;659;646;650;738;707;658;684;648;630;651;619;634;593;651;588;556;653;574;575;605;549;568;573;608;546;551;541;582;633;608;562;596;612;571;540;610;577;645;660;606;686;680;696;641;685;668;716;X 
209;2016;Hessen;0-65;88;63;70;72;69;77;65;75;82;80;68;78;61;51;72;75;61;49;68;55;76;63;55;69;68;55;78;65;70;61;48;61;69;61;60;71;63;72;52;52;55;63;70;66;51;81;69;85;72;64;53;63;X 
210;2016;Hessen;65 u. mehr;587;628;571;600;589;582;581;575;656;627;590;606;587;579;579;544;573;544;583;533;480;590;519;506;537;494;490;508;538;485;503;480;513;572;548;491;533;540;519;488;555;514;575;594;555;605;611;611;569;621;615;653;X 
211;2016;Rheinland-Pfalz;Insgesamt;475;487;485;474;487;487;477;481;514;502;523;478;474;482;475;397;419;430;454;438;443;404;429;377;411;392;436;397;450;411;407;385;405;434;391;395;441;399;405;426;477;431;462;409;447;440;468;427;465;483;478;523;X 
212;2016;Rheinland-Pfalz;0-65;48;43;50;40;52;62;50;41;55;48;60;58;49;47;39;43;41;50;60;45;42;35;41;45;48;37;44;43;62;52;47;47;44;53;36;39;63;34;43;49;57;51;52;38;43;45;36;46;49;51;48;62;X 
213;2016;Rheinland-Pfalz;65 u. mehr;427;444;435;434;435;425;427;440;459;454;463;420;425;435;436;354;378;380;394;393;401;369;388;332;363;355;392;354;388;359;360;338;361;381;355;356;378;365;362;377;420;380;410;371;404;395;432;381;416;432;430;461;X 
214;2016;Baden-Württemberg;Insgesamt;1097;1051;1118;1095;1024;1126;1106;1049;1048;1152;1125;1169;1082;1104;1030;982;1047;986;1012;921;963;944;955;861;1023;965;949;913;1015;945;940;936;986;999;946;917;939;969;971;970;1082;1063;1066;1056;1062;1203;1079;1025;1146;1164;1190;1163;X 
215;2016;Baden-Württemberg;0-65;113;114;122;104;102;115;94;101;117;127;124;117;95;105;94;110;115;102;106;94;95;96;100;84;110;119;115;101;119;93;111;97;102;94;95;102;93;96;100;87;120;101;82;96;94;123;95;103;116;95;104;94;X 
216;2016;Baden-Württemberg;65 u. mehr;984;937;996;991;922;1011;1012;948;931;1025;1001;1052;987;999;936;872;932;884;906;827;868;848;855;777;913;846;834;812;896;852;829;839;884;905;851;815;846;873;871;883;962;962;984;960;968;1080;984;922;1030;1069;1086;1069;X 
217;2016;Bayern;Insgesamt;1331;1365;1334;1302;1358;1405;1366;1333;1351;1361;1305;1278;1408;1243;1266;1182;1157;1237;1260;1204;1180;1111;1173;1136;1196;1136;1163;1155;1246;1199;1132;1152;1186;1188;1165;1180;1189;1070;1158;1158;1242;1296;1295;1323;1283;1344;1358;1298;1384;1431;1502;1594;X 
218;2016;Bayern;0-65;119;139;145;139;128;167;142;139;149;151;141;121;151;129;121;124;130;121;124;137;112;131;137;136;150;109;118;118;142;116;115;133;121;108;125;122;127;110;123;131;131;118;133;140;129;128;129;123;136;139;146;131;X 
219;2016;Bayern;65 u. mehr;1212;1226;1189;1163;1230;1238;1224;1194;1202;1210;1164;1157;1257;1114;1145;1058;1027;1116;1136;1067;1068;980;1036;1000;1046;1027;1045;1037;1104;1083;1017;1019;1065;1080;1040;1058;1062;960;1035;1027;1111;1178;1162;1183;1154;1216;1229;1175;1248;1292;1356;1463;X 
220;2016;Saarland;Insgesamt;112;135;126;123;131;137;119;131;143;138;138;145;135;137;125;123;109;123;129;117;104;113;132;146;127;113;125;103;118;116;122;119;123;129;102;129;119;116;139;126;141;143;128;122;123;152;139;143;140;132;126;146;X 
221;2016;Saarland;0-65;14;13;17;11;14;14;12;10;13;13;21;11;19;15;15;14;7;17;12;17;12;14;13;18;11;13;20;11;11;11;14;20;18;19;7;15;11;8;9;17;17;20;18;13;19;18;10;17;11;12;13;12;X 
222;2016;Saarland;65 u. mehr;98;122;109;112;117;123;107;121;130;125;117;134;116;122;110;109;102;106;117;100;92;99;119;128;116;100;105;92;107;105;108;99;105;110;95;114;108;108;130;109;124;123;110;109;104;134;129;126;129;120;113;134;X 
223;2016;Berlin;Insgesamt;323;349;381;360;372;402;327;360;360;363;383;351;345;326;353;298;302;306;307;303;289;317;286;306;320;310;289;296;275;306;285;290;346;323;303;317;322;274;310;315;307;351;330;338;305;339;323;383;329;328;374;399;X 
224;2016;Berlin;0-65;39;42;38;54;46;45;44;32;43;46;50;37;38;37;50;40;32;37;33;33;35;42;38;36;39;37;30;38;33;40;32;45;39;44;37;40;48;25;36;44;33;41;42;45;34;45;37;47;36;43;36;39;X 
225;2016;Berlin;65 u. mehr;284;307;343;306;326;357;283;328;317;317;333;314;307;289;303;258;270;269;274;270;254;275;248;270;281;273;259;258;242;266;253;245;307;279;266;277;274;249;274;271;274;310;288;293;271;294;286;336;293;285;338;360;X 
226;2016;Brandenburg;Insgesamt;347;314;302;307;305;324;339;338;305;315;338;328;293;330;286;239;279;258;311;276;310;317;265;258;279;293;256;271;236;276;260;266;268;257;274;256;285;284;273;295;301;276;266;272;295;286;275;302;318;326;297;316;X 
227;2016;Brandenburg;0-65;37;36;20;33;32;34;36;28;32;36;43;40;37;31;27;21;28;31;33;35;34;29;35;31;40;47;32;36;24;28;30;23;31;21;33;31;34;33;27;38;32;26;31;23;29;45;23;38;34;31;34;22;X 
228;2016;Brandenburg;65 u. mehr;310;278;282;274;273;290;303;310;273;279;295;288;256;299;259;218;251;227;278;241;276;288;230;227;239;246;224;235;212;248;230;243;237;236;241;225;251;251;246;257;269;250;235;249;266;241;252;264;284;295;263;294;X 
229;2016;Mecklenburg-Vorpommern;Insgesamt;260;245;199;232;213;196;214;202;193;195;202;235;217;198;195;186;187;166;178;173;179;180;159;166;192;152;183;184;185;169;139;170;161;191;183;178;185;165;173;192;181;183;222;200;170;193;187;200;205;217;216;216;X 
230;2016;Mecklenburg-Vorpommern;0-65;31;28;14;28;20;31;30;24;15;24;23;14;27;17;22;16;17;21;19;18;23;17;9;20;21;16;26;23;19;15;12;17;20;18;17;19;19;24;29;30;15;23;14;23;17;24;27;29;21;27;29;22;X 
231;2016;Mecklenburg-Vorpommern;65 u. mehr;229;217;185;204;193;165;184;178;178;171;179;221;190;181;173;170;170;145;159;155;156;163;150;146;171;136;157;161;166;154;127;153;141;173;166;159;166;141;144;162;166;160;208;177;153;169;160;171;184;190;187;194;X 
232;2016;Sachsen;Insgesamt;539;523;573;604;575;578;528;575;544;598;558;532;572;575;534;485;482;511;511;471;494;438;440;457;481;493;479;490;486;529;434;461;441;523;464;477;498;464;499;496;500;480;520;503;569;585;527;524;596;602;585;632;X 
233;2016;Sachsen;0-65;41;43;43;42;42;45;39;45;49;48;45;46;53;42;51;33;40;39;50;38;49;37;47;36;33;39;44;52;46;45;43;49;42;39;37;47;47;30;41;57;38;37;50;46;48;56;33;43;45;51;42;48;X 
234;2016;Sachsen;65 u. mehr;498;480;530;562;533;533;489;530;495;550;513;486;519;533;483;452;442;472;461;433;445;401;393;421;448;454;435;438;440;484;391;412;399;484;427;430;451;434;458;439;462;443;470;457;521;529;494;481;551;551;543;584;X 
235;2016;Sachsen-Anhalt;Insgesamt;320;301;320;331;327;294;305;371;333;332;338;361;344;311;310;298;294;289;329;286;322;266;255;276;332;264;297;274;280;295;285;261;253;291;300;268;277;263;298;274;277;291;282;267;305;327;289;313;321;305;342;337;X 
236;2016;Sachsen-Anhalt;0-65;37;33;36;25;31;24;30;31;24;33;35;36;38;21;38;31;42;34;42;26;37;36;35;26;33;19;30;22;26;31;23;37;23;25;26;26;29;31;32;25;25;24;24;35;37;39;32;27;37;36;28;18;X 
237;2016;Sachsen-Anhalt;65 u. mehr;283;268;284;306;296;270;275;340;309;299;303;325;306;290;272;267;252;255;287;260;285;230;220;250;299;245;267;252;254;264;262;224;230;266;274;242;248;232;266;249;252;267;258;232;268;288;257;286;284;269;314;319;X 
238;2016;Thüringen;Insgesamt;276;279;310;323;304;264;310;296;291;316;313;278;267;288;255;253;270;262;246;262;257;275;231;252;253;255;212;245;236;256;213;226;237;291;240;269;277;263;248;258;263;295;264;298;294;278;298;293;300;299;307;293;X 
239;2016;Thüringen;0-65;26;28;24;23;40;30;25;31;32;28;20;21;37;26;21;28;27;21;23;35;17;25;13;23;24;34;14;23;21;22;13;18;31;28;22;34;27;21;22;19;33;23;32;27;33;28;25;33;22;23;33;24;X 
240;2016;Thüringen;65 u. mehr;250;251;286;300;264;234;285;265;259;288;293;257;230;262;234;225;243;241;223;227;240;250;218;229;229;221;198;222;215;234;200;208;206;263;218;235;250;242;226;239;230;272;232;271;261;250;273;260;278;276;274;269;X 
