Stand: 29.03.2021;;;;;;;;;;;;;;;;;;;;;;;;;;;;;;;;;;;;;;;;;;;;;;;;;;;;;;;;
;;;;;;;;;;;;;;;;;;;;;;;;;;;;;;;;;;;;;;;;;;;;;;;;;;;;;;;;
;;;;;;;;;;;;;;;;;;;;;;;;;;;;;;;;;;;;;;;;;;;;;;;;;;;;;;;;
;;;;Sterbefälle nach Kalenderwochen und Altersgruppen 2016 bis 2021 in den Bundesländern;;;;;;;;;;;;;;;Sterbefälle nach Kalenderwochen und Altersgruppen 2016 bis 2021 in den Bundesländern;;;;;;;;;;;;;;;Sterbefälle nach Kalenderwochen und Altersgruppen 2016 bis 2021 in den Bundesländern;;;;;;;;;;;;;;;Sterbefälle nach Kalenderwochen und Altersgruppen 2016 bis 2021 in den Bundesländern;;;;;;;
;;;;Ergebnisse für die Jahre 2020 und 2021 aus Rohdaten;;;;;;;;;;;;;;;Ergebnisse für die Jahre 2020 und 2021 aus Rohdaten;;;;;;;;;;;;;;;Ergebnisse für die Jahre 2020 und 2021 aus Rohdaten;;;;;;;;;;;;;;;Ergebnisse für die Jahre 2020 und 2021 aus Rohdaten;;;;;;;
;;;;Männlich;;;;;;;;;;;;;;;Männlich;;;;;;;;;;;;;;;Männlich;;;;;;;;;;;;;;;Männlich;;;;;;;

Lfd.;Jahr;Bundesland;Alter von ... bis;Kalenderwoche;;;;;;;;;;;;;;;Kalenderwoche;;;;;;;;;;;;;;;Kalenderwoche;;;;;;;;;;;;;;;Kalenderwoche;;;;;;;
Nr.;;;unter … Jahren;1;2;3;4;5;6;7;8;9;10;11;12;13;14;15;16;17;18;19;20;21;22;23;24;25;26;27;28;29;30;31;32;33;34;35;36;37;38;39;40;41;42;43;44;45;46;47;48;49;50;51;52;53
1;2021;Schleswig-Holstein;Insgesamt;395;387;424;413;389;386;410;332;;;;;;;;;;;;;;;;;;;;;;;;;;;;;;;;;;;;;;;;;;;;;
2;2021;Schleswig-Holstein;0-65;63;53;79;68;63;62;77;46;;;;;;;;;;;;;;;;;;;;;;;;;;;;;;;;;;;;;;;;;;;;;
3;2021;Schleswig-Holstein;65 u. mehr;332;334;345;345;326;324;333;286;;;;;;;;;;;;;;;;;;;;;;;;;;;;;;;;;;;;;;;;;;;;;
4;2021;Hamburg;Insgesamt;217;230;221;213;209;178;194;167;;;;;;;;;;;;;;;;;;;;;;;;;;;;;;;;;;;;;;;;;;;;;
5;2021;Hamburg;0-65;44;31;43;37;44;31;46;34;;;;;;;;;;;;;;;;;;;;;;;;;;;;;;;;;;;;;;;;;;;;;
6;2021;Hamburg;65 u. mehr;173;199;178;176;165;147;148;133;;;;;;;;;;;;;;;;;;;;;;;;;;;;;;;;;;;;;;;;;;;;;
7;2021;Niedersachsen;Insgesamt;1070;1028;1070;1085;1063;1088;1045;982;;;;;;;;;;;;;;;;;;;;;;;;;;;;;;;;;;;;;;;;;;;;;
8;2021;Niedersachsen;0-65;197;173;155;182;184;179;175;189;;;;;;;;;;;;;;;;;;;;;;;;;;;;;;;;;;;;;;;;;;;;;
9;2021;Niedersachsen;65 u. mehr;873;855;915;903;879;909;870;793;;;;;;;;;;;;;;;;;;;;;;;;;;;;;;;;;;;;;;;;;;;;;
10;2021;Bremen;Insgesamt;79;88;75;63;89;91;75;81;;;;;;;;;;;;;;;;;;;;;;;;;;;;;;;;;;;;;;;;;;;;;
11;2021;Bremen;0-65;18;13;13;17;18;17;13;13;;;;;;;;;;;;;;;;;;;;;;;;;;;;;;;;;;;;;;;;;;;;;
12;2021;Bremen;65 u. mehr;61;75;62;46;71;74;62;68;;;;;;;;;;;;;;;;;;;;;;;;;;;;;;;;;;;;;;;;;;;;;
13;2021;Nordrhein-Westfalen;Insgesamt;2413;2413;2434;2380;2244;2230;2244;2114;;;;;;;;;;;;;;;;;;;;;;;;;;;;;;;;;;;;;;;;;;;;;
14;2021;Nordrhein-Westfalen;0-65;396;460;426;410;391;386;423;343;;;;;;;;;;;;;;;;;;;;;;;;;;;;;;;;;;;;;;;;;;;;;
15;2021;Nordrhein-Westfalen;65 u. mehr;2017;1953;2008;1970;1853;1844;1821;1771;;;;;;;;;;;;;;;;;;;;;;;;;;;;;;;;;;;;;;;;;;;;;
16;2021;Hessen;Insgesamt;907;866;813;788;742;766;756;682;;;;;;;;;;;;;;;;;;;;;;;;;;;;;;;;;;;;;;;;;;;;;
17;2021;Hessen;0-65;146;142;113;134;114;142;155;117;;;;;;;;;;;;;;;;;;;;;;;;;;;;;;;;;;;;;;;;;;;;;
18;2021;Hessen;65 u. mehr;761;724;700;654;628;624;601;565;;;;;;;;;;;;;;;;;;;;;;;;;;;;;;;;;;;;;;;;;;;;;
19;2021;Rheinland-Pfalz;Insgesamt;587;572;574;504;493;488;467;443;;;;;;;;;;;;;;;;;;;;;;;;;;;;;;;;;;;;;;;;;;;;;
20;2021;Rheinland-Pfalz;0-65;84;100;88;93;85;90;93;66;;;;;;;;;;;;;;;;;;;;;;;;;;;;;;;;;;;;;;;;;;;;;
21;2021;Rheinland-Pfalz;65 u. mehr;503;472;486;411;408;398;374;377;;;;;;;;;;;;;;;;;;;;;;;;;;;;;;;;;;;;;;;;;;;;;
22;2021;Baden-Württemberg;Insgesamt;1400;1401;1333;1261;1185;1133;1130;1082;;;;;;;;;;;;;;;;;;;;;;;;;;;;;;;;;;;;;;;;;;;;;
23;2021;Baden-Württemberg;0-65;185;236;206;200;218;209;180;186;;;;;;;;;;;;;;;;;;;;;;;;;;;;;;;;;;;;;;;;;;;;;
24;2021;Baden-Württemberg;65 u. mehr;1215;1165;1127;1061;967;924;950;896;;;;;;;;;;;;;;;;;;;;;;;;;;;;;;;;;;;;;;;;;;;;;
25;2021;Bayern;Insgesamt;1804;1743;1710;1566;1508;1457;1419;1316;;;;;;;;;;;;;;;;;;;;;;;;;;;;;;;;;;;;;;;;;;;;;
26;2021;Bayern;0-65;255;253;253;238;251;267;233;218;;;;;;;;;;;;;;;;;;;;;;;;;;;;;;;;;;;;;;;;;;;;;
27;2021;Bayern;65 u. mehr;1549;1490;1457;1328;1257;1190;1186;1098;;;;;;;;;;;;;;;;;;;;;;;;;;;;;;;;;;;;;;;;;;;;;
28;2021;Saarland;Insgesamt;175;143;161;122;153;154;158;168;;;;;;;;;;;;;;;;;;;;;;;;;;;;;;;;;;;;;;;;;;;;;
29;2021;Saarland;0-65;24;16;27;18;27;23;24;25;;;;;;;;;;;;;;;;;;;;;;;;;;;;;;;;;;;;;;;;;;;;;
30;2021;Saarland;65 u. mehr;151;127;134;104;126;131;134;143;;;;;;;;;;;;;;;;;;;;;;;;;;;;;;;;;;;;;;;;;;;;;
31;2021;Berlin;Insgesamt;525;462;469;443;416;407;361;397;;;;;;;;;;;;;;;;;;;;;;;;;;;;;;;;;;;;;;;;;;;;;
32;2021;Berlin;0-65;97;68;83;76;83;72;79;96;;;;;;;;;;;;;;;;;;;;;;;;;;;;;;;;;;;;;;;;;;;;;
33;2021;Berlin;65 u. mehr;428;394;386;367;333;335;282;301;;;;;;;;;;;;;;;;;;;;;;;;;;;;;;;;;;;;;;;;;;;;;
34;2021;Brandenburg;Insgesamt;546;552;469;431;439;400;370;334;;;;;;;;;;;;;;;;;;;;;;;;;;;;;;;;;;;;;;;;;;;;;
35;2021;Brandenburg;0-65;96;80;67;63;80;72;67;71;;;;;;;;;;;;;;;;;;;;;;;;;;;;;;;;;;;;;;;;;;;;;
36;2021;Brandenburg;65 u. mehr;450;472;402;368;359;328;303;263;;;;;;;;;;;;;;;;;;;;;;;;;;;;;;;;;;;;;;;;;;;;;
37;2021;Mecklenburg-Vorpommern;Insgesamt;257;279;277;271;273;261;238;221;;;;;;;;;;;;;;;;;;;;;;;;;;;;;;;;;;;;;;;;;;;;;
38;2021;Mecklenburg-Vorpommern;0-65;55;62;51;57;57;48;41;57;;;;;;;;;;;;;;;;;;;;;;;;;;;;;;;;;;;;;;;;;;;;;
39;2021;Mecklenburg-Vorpommern;65 u. mehr;202;217;226;214;216;213;197;164;;;;;;;;;;;;;;;;;;;;;;;;;;;;;;;;;;;;;;;;;;;;;
40;2021;Sachsen;Insgesamt;1000;910;878;782;750;715;624;549;;;;;;;;;;;;;;;;;;;;;;;;;;;;;;;;;;;;;;;;;;;;;
41;2021;Sachsen;0-65;121;115;126;111;113;106;122;91;;;;;;;;;;;;;;;;;;;;;;;;;;;;;;;;;;;;;;;;;;;;;
42;2021;Sachsen;65 u. mehr;879;795;752;671;637;609;502;458;;;;;;;;;;;;;;;;;;;;;;;;;;;;;;;;;;;;;;;;;;;;;
43;2021;Sachsen-Anhalt;Insgesamt;487;493;550;454;428;418;396;381;;;;;;;;;;;;;;;;;;;;;;;;;;;;;;;;;;;;;;;;;;;;;
44;2021;Sachsen-Anhalt;0-65;89;74;88;76;80;83;57;72;;;;;;;;;;;;;;;;;;;;;;;;;;;;;;;;;;;;;;;;;;;;;
45;2021;Sachsen-Anhalt;65 u. mehr;398;419;462;378;348;335;339;309;;;;;;;;;;;;;;;;;;;;;;;;;;;;;;;;;;;;;;;;;;;;;
46;2021;Thüringen;Insgesamt;481;467;409;440;390;361;342;327;;;;;;;;;;;;;;;;;;;;;;;;;;;;;;;;;;;;;;;;;;;;;
47;2021;Thüringen;0-65;71;60;56;77;83;69;62;54;;;;;;;;;;;;;;;;;;;;;;;;;;;;;;;;;;;;;;;;;;;;;
48;2021;Thüringen;65 u. mehr;410;407;353;363;307;292;280;273;;;;;;;;;;;;;;;;;;;;;;;;;;;;;;;;;;;;;;;;;;;;;
49;2020;Schleswig-Holstein;Insgesamt;377;349;369;344;361;361;372;329;364;366;359;393;370;349;330;359;331;314;329;295;314;307;297;313;302;351;319;293;310;313;269;331;383;325;279;316;310;316;335;332;327;354;359;313;346;371;330;331;360;361;383;378;414
50;2020;Schleswig-Holstein;0-65;73;70;64;65;50;65;60;47;52;75;61;73;72;64;60;58;57;70;77;63;57;54;55;58;59;55;63;57;71;62;47;58;65;60;51;51;42;61;60;54;59;75;67;51;56;59;64;50;59;62;47;49;67
51;2020;Schleswig-Holstein;65 u. mehr;304;279;305;279;311;296;312;282;312;291;298;320;298;285;270;301;274;244;252;232;257;253;242;255;243;296;256;236;239;251;222;273;318;265;228;265;268;255;275;278;268;279;292;262;290;312;266;281;301;299;336;329;347
52;2020;Hamburg;Insgesamt;175;189;170;175;195;179;154;183;155;179;192;171;198;216;189;183;177;158;166;166;166;149;186;149;176;154;167;161;145;178;149;190;202;180;177;172;163;162;129;143;163;161;152;159;150;184;187;192;217;191;217;222;202
53;2020;Hamburg;0-65;44;32;32;30;36;34;36;36;34;33;42;31;40;33;30;23;48;33;35;37;42;39;39;27;33;34;39;45;38;38;30;32;36;40;42;31;25;32;21;26;35;26;30;31;32;30;35;36;31;37;34;49;30
54;2020;Hamburg;65 u. mehr;131;157;138;145;159;145;118;147;121;146;150;140;158;183;159;160;129;125;131;129;124;110;147;122;143;120;128;116;107;140;119;158;166;140;135;141;138;130;108;117;128;135;122;128;118;154;152;156;186;154;183;173;172
55;2020;Niedersachsen;Insgesamt;977;1034;958;994;968;981;982;962;949;1026;989;999;985;1057;1024;911;952;895;915;957;884;819;943;847;817;891;823;767;839;861;883;876;1017;894;847;859;886;880;901;909;901;860;913;921;863;960;968;967;949;1101;1007;1090;1059
56;2020;Niedersachsen;0-65;177;187;176;200;195;183;179;164;158;179;166;191;182;187;181;174;174;170;197;186;155;160;162;188;170;170;171;157;139;172;171;171;194;153;144;173;162;164;175;174;188;164;174;168;187;172;168;172;168;177;165;181;189
57;2020;Niedersachsen;65 u. mehr;800;847;782;794;773;798;803;798;791;847;823;808;803;870;843;737;778;725;718;771;729;659;781;659;647;721;652;610;700;689;712;705;823;741;703;686;724;716;726;735;713;696;739;753;676;788;800;795;781;924;842;909;870
58;2020;Bremen;Insgesamt;69;89;68;91;83;85;92;83;72;98;81;69;79;102;88;83;82;78;68;77;72;81;82;64;76;76;79;79;71;69;86;77;89;71;67;77;66;71;69;80;77;72;63;78;73;69;75;88;85;71;81;80;74
59;2020;Bremen;0-65;14;15;16;24;21;17;19;15;18;27;17;17;19;25;24;15;16;21;18;19;13;12;21;13;22;15;17;18;21;15;21;23;28;12;19;20;10;18;9;23;12;15;16;17;11;15;18;15;14;19;14;15;19
60;2020;Bremen;65 u. mehr;55;74;52;67;62;68;73;68;54;71;64;52;60;77;64;68;66;57;50;58;59;69;61;51;54;61;62;61;50;54;65;54;61;59;48;57;56;53;60;57;65;57;47;61;62;54;57;73;71;52;67;65;55
61;2020;Nordrhein-Westfalen;Insgesamt;1981;2068;2165;1975;2123;2016;2115;2135;2107;2125;2190;2162;2183;2216;2226;2111;1984;1947;1894;1904;1840;1820;1825;1846;1783;1922;1819;1743;1818;1789;1892;1916;2285;1952;1774;1759;1888;1885;1907;1818;1893;1944;2061;2069;2113;2132;2236;2210;2305;2444;2478;2412;2496
62;2020;Nordrhein-Westfalen;0-65;365;374;391;386;392;368;388;381;389;370;382;368;377;419;428;365;339;391;358;382;376;383;354;362;356;348;388;333;362;325;380;374;411;324;345;347;379;353;377;358;351;389;374;366;386;407;398;357;388;397;404;390;415
63;2020;Nordrhein-Westfalen;65 u. mehr;1616;1694;1774;1589;1731;1648;1727;1754;1718;1755;1808;1794;1806;1797;1798;1746;1645;1556;1536;1522;1464;1437;1471;1484;1427;1574;1431;1410;1456;1464;1512;1542;1874;1628;1429;1412;1509;1532;1530;1460;1542;1555;1687;1703;1727;1725;1838;1853;1917;2047;2074;2022;2081
64;2020;Hessen;Insgesamt;655;643;662;697;659;695;740;647;638;680;669;642;645;712;716;692;640;604;651;612;624;639;607;590;583;578;564;579;578;618;664;601;663;621;600;612;566;645;618;610;639;674;675;712;691;713;723;754;829;876;916;951;942
65;2020;Hessen;0-65;122;117;104;134;114;128;122;134;104;114;118;114;95;99;133;137;119;106;130;123;114;127;110;107;114;118;114;112;103;113;130;97;119;124;106;112;102;123;111;108;106;104;113;129;106;126;118;122;132;147;138;147;136
66;2020;Hessen;65 u. mehr;533;526;558;563;545;567;618;513;534;566;551;528;550;613;583;555;521;498;521;489;510;512;497;483;469;460;450;467;475;505;534;504;544;497;494;500;464;522;507;502;533;570;562;583;585;587;605;632;697;729;778;804;806
67;2020;Rheinland-Pfalz;Insgesamt;458;512;477;453;518;478;488;441;468;459;545;483;464;528;495;440;477;396;484;417;417;425;441;379;412;443;409;425;423;424;445;421;525;441;416;407;376;451;455;432;435;431;488;443;474;535;484;546;579;557;533;576;617
68;2020;Rheinland-Pfalz;0-65;97;105;89;69;80;107;81;70;74;79;95;88;93;99;75;82;81;72;86;75;80;80;84;83;79;71;79;77;71;88;84;77;99;78;78;72;68;85;82;85;75;73;81;62;71;93;78;92;99;97;88;79;105
69;2020;Rheinland-Pfalz;65 u. mehr;361;407;388;384;438;371;407;371;394;380;450;395;371;429;420;358;396;324;398;342;337;345;357;296;333;372;330;348;352;336;361;344;426;363;338;335;308;366;373;347;360;358;407;381;403;442;406;454;480;460;445;497;512
70;2020;Baden-Württemberg;Insgesamt;1115;1056;1100;1088;1163;1123;1112;1093;1127;1149;1151;1222;1277;1320;1295;1246;1121;1011;1044;1048;1032;965;1024;953;995;1024;925;936;926;1014;1062;942;1068;1034;989;965;968;989;980;1081;1040;994;1093;1071;1146;1145;1269;1245;1323;1419;1482;1475;1373
71;2020;Baden-Württemberg;0-65;194;166;186;184;186;194;176;193;190;174;181;197;202;222;208;211;201;174;185;190;177;173;177;177;190;188;177;168;184;201;195;181;209;173;177;168;169;175;159;194;172;175;209;172;183;182;206;196;177;211;205;211;197
72;2020;Baden-Württemberg;65 u. mehr;921;890;914;904;977;929;936;900;937;975;970;1025;1075;1098;1087;1035;920;837;859;858;855;792;847;776;805;836;748;768;742;813;867;761;859;861;812;797;799;814;821;887;868;819;884;899;963;963;1063;1049;1146;1208;1277;1264;1176
73;2020;Bayern;Insgesamt;1305;1331;1327;1399;1513;1342;1443;1373;1378;1365;1335;1486;1440;1650;1633;1494;1391;1349;1227;1235;1191;1252;1204;1199;1109;1165;1179;1134;1216;1225;1270;1160;1306;1196;1146;1212;1216;1203;1214;1335;1254;1234;1318;1348;1421;1482;1466;1532;1703;1792;1797;1862;1809
74;2020;Bayern;0-65;241;234;259;212;244;248;258;242;241;246;219;267;232;274;243;229;254;231;230;225;214;244;223;212;205;197;218;223;243;232;248;216;253;219;210;233;234;205;238;238;230;224;223;226;233;224;251;240;246;272;281;257;270
75;2020;Bayern;65 u. mehr;1064;1097;1068;1187;1269;1094;1185;1131;1137;1119;1116;1219;1208;1376;1390;1265;1137;1118;997;1010;977;1008;981;987;904;968;961;911;973;993;1022;944;1053;977;936;979;982;998;976;1097;1024;1010;1095;1122;1188;1258;1215;1292;1457;1520;1516;1605;1539
76;2020;Saarland;Insgesamt;136;128;119;120;151;130;129;127;150;149;135;129;152;163;130;143;130;119;133;104;123;118;107;130;104;123;127;125;103;112;109;117;146;126;114;121;124;128;110;150;137;135;143;112;160;153;135;144;179;155;151;147;165
77;2020;Saarland;0-65;27;25;30;16;30;28;22;22;24;24;26;29;28;19;18;27;20;25;24;16;28;23;17;28;26;23;23;25;19;27;23;24;23;18;21;19;16;20;18;20;19;23;25;10;29;31;28;24;30;23;20;22;22
78;2020;Saarland;65 u. mehr;109;103;89;104;121;102;107;105;126;125;109;100;124;144;112;116;110;94;109;88;95;95;90;102;78;100;104;100;84;85;86;93;123;108;93;102;108;108;92;130;118;112;118;102;131;122;107;120;149;132;131;125;143
79;2020;Berlin;Insgesamt;354;360;367;368;363;368;370;359;381;354;356;335;366;374;378;331;362;370;342;336;345;302;342;340;319;355;291;327;337;344;335;354;375;331;300;308;336;335;310;345;367;379;363;377;376;430;436;446;491;489;535;517;538
80;2020;Berlin;0-65;65;73;89;77;80;78;89;86;85;87;86;74;79;75;79;67;75;80;68;75;93;47;82;68;70;71;71;70;86;94;66;74;83;69;77;78;77;77;63;86;79;74;90;80;67;81;97;85;79;76;85;90;99
81;2020;Berlin;65 u. mehr;289;287;278;291;283;290;281;273;296;267;270;261;287;299;299;264;287;290;274;261;252;255;260;272;249;284;220;257;251;250;269;280;292;262;223;230;259;258;247;259;288;305;273;297;309;349;339;361;412;413;450;427;439
82;2020;Brandenburg;Insgesamt;367;398;400;389;355;339;387;337;332;355;394;335;392;414;372;341;344;313;287;283;298;279;313;312;293;339;324;308;307;357;320;333;359;292;288;304;293;317;309;305;294;312;362;318;309;360;362;413;406;449;503;544;516
83;2020;Brandenburg;0-65;79;77;89;62;74;71;83;76;84;63;88;80;87;82;78;76;65;58;66;72;57;62;66;55;58;90;77;74;60;71;60;77;59;54;56;52;56;65;72;69;57;62;68;65;69;58;55;85;76;78;72;89;72
84;2020;Brandenburg;65 u. mehr;288;321;311;327;281;268;304;261;248;292;306;255;305;332;294;265;279;255;221;211;241;217;247;257;235;249;247;234;247;286;260;256;300;238;232;252;237;252;237;236;237;250;294;253;240;302;307;328;330;371;431;455;444
85;2020;Mecklenburg-Vorpommern;Insgesamt;212;207;204;213;221;210;191;223;231;234;215;219;248;220;199;205;197;222;219;201;215;209;200;214;195;206;235;179;205;186;212;201;218;226;192;216;178;218;181;190;224;205;202;184;210;215;232;263;232;265;235;254;202
86;2020;Mecklenburg-Vorpommern;0-65;49;56;39;47;50;47;53;57;47;59;44;52;56;51;41;47;54;50;47;58;56;56;46;44;45;56;70;39;47;40;56;45;44;49;51;48;43;50;47;41;54;44;31;40;48;53;60;61;43;60;39;46;30
87;2020;Mecklenburg-Vorpommern;65 u. mehr;163;151;165;166;171;163;138;166;184;175;171;167;192;169;158;158;143;172;172;143;159;153;154;170;150;150;165;140;158;146;156;156;174;177;141;168;135;168;134;149;170;161;171;144;162;162;172;202;189;205;196;208;172
88;2020;Sachsen;Insgesamt;532;638;539;563;565;563;599;544;553;582;529;578;533;561;569;553;551;528;499;468;518;465;517;483;510;508;481;521;492;479;484;490;559;504;491;502;516;536;536;509;486;522;574;588;616;666;753;819;890;1042;1172;1193;1163
89;2020;Sachsen;0-65;102;130;94;88;110;84;99;97;111;102;97;122;98;91;100;94;93;101;94;73;105;86;105;100;96;87;91;94;82;90;81;83;104;91;95;92;92;96;87;97;82;92;108;80;103;102;104;119;101;143;136;144;134
90;2020;Sachsen;65 u. mehr;430;508;445;475;455;479;500;447;442;480;432;456;435;470;469;459;458;427;405;395;413;379;412;383;414;421;390;427;410;389;403;407;455;413;396;410;424;440;449;412;404;430;466;508;513;564;649;700;789;899;1036;1049;1029
91;2020;Sachsen-Anhalt;Insgesamt;376;304;333;359;347;334;379;338;331;309;365;317;308;305;324;302;324;304;288;309;297;279;310;294;286;336;335;280;305;287;275;313;330;317;269;288;310;309;314;304;304;354;309;326;332;345;313;371;357;391;418;468;511
92;2020;Sachsen-Anhalt;0-65;87;65;70;72;70;66;87;60;66;59;82;67;60;59;72;64;70;72;70;66;56;61;58;72;64;84;70;59;63;57;58;61;74;58;51;57;69;59;74;56;74;84;69;61;65;59;57;67;57;65;76;81;81
93;2020;Sachsen-Anhalt;65 u. mehr;289;239;263;287;277;268;292;278;265;250;283;250;248;246;252;238;254;232;218;243;241;218;252;222;222;252;265;221;242;230;217;252;256;259;218;231;241;250;240;248;230;270;240;265;267;286;256;304;300;326;342;387;430
94;2020;Thüringen;Insgesamt;265;321;284;273;319;265;313;301;294;321;334;291;311;304;301;287;307;272;260;258;265;267;260;262;247;250;250;272;250;284;250;255;245;246;248;220;280;288;278;271;290;288;265;317;277;296;325;323;369;403;436;466;486
95;2020;Thüringen;0-65;50;48;46;49;63;45;56;49;67;52;70;54;68;48;57;52;59;53;47;53;55;49;45;55;50;59;56;67;60;67;48;43;51;57;53;44;49;60;59;50;46;47;51;63;46;47;51;56;68;46;72;58;68
96;2020;Thüringen;65 u. mehr;215;273;238;224;256;220;257;252;227;269;264;237;243;256;244;235;248;219;213;205;210;218;215;207;197;191;194;205;190;217;202;212;194;189;195;176;231;228;219;221;244;241;214;254;231;249;274;267;301;357;364;408;418
97;2019;Schleswig-Holstein;Insgesamt;329;321;395;383;386;368;384;388;346;325;367;375;385;347;322;296;352;321;327;288;340;278;334;292;340;339;329;326;330;294;307;312;314;316;344;302;286;303;322;313;347;339;309;324;361;329;352;374;351;376;371;330;X 
98;2019;Schleswig-Holstein;0-65;66;62;73;66;66;61;67;69;66;62;60;69;70;58;58;60;63;59;65;56;71;58;65;55;58;76;66;63;51;60;65;51;58;70;66;52;53;60;58;72;69;62;55;61;67;59;66;52;63;76;66;51;X 
99;2019;Schleswig-Holstein;65 u. mehr;263;259;322;317;320;307;317;319;280;263;307;306;315;289;264;236;289;262;262;232;269;220;269;237;282;263;263;263;279;234;242;261;256;246;278;250;233;243;264;241;278;277;254;263;294;270;286;322;288;300;305;279;X 
100;2019;Hamburg;Insgesamt;177;174;169;185;189;195;173;178;190;171;149;167;172;185;152;179;151;147;146;187;175;141;182;140;131;172;147;149;165;165;154;145;160;152;151;138;163;153;162;173;172;174;182;144;145;194;168;167;177;194;161;149;X 
101;2019;Hamburg;0-65;32;43;46;43;39;41;34;24;31;22;19;28;42;39;35;37;33;28;28;33;34;17;40;25;31;32;30;27;35;25;34;30;32;25;30;21;33;38;36;39;34;28;31;23;26;40;34;28;32;41;35;31;X 
102;2019;Hamburg;65 u. mehr;145;131;123;142;150;154;139;154;159;149;130;139;130;146;117;142;118;119;118;154;141;124;142;115;100;140;117;122;130;140;120;115;128;127;121;117;130;115;126;134;138;146;151;121;119;154;134;139;145;153;126;118;X 
103;2019;Niedersachsen;Insgesamt;870;966;938;933;1010;989;986;975;1042;1001;951;932;896;946;912;979;940;882;925;881;852;851;879;845;850;858;786;841;808;957;857;841;788;851;853;795;830;805;874;871;930;845;876;873;900;907;893;945;971;992;985;899;X 
104;2019;Niedersachsen;0-65;197;176;179;168;199;197;174;178;180;180;176;150;157;160;167;180;169;170;154;175;161;182;163;165;185;156;187;137;158;164;162;147;173;164;164;155;164;171;174;152;166;158;168;175;181;172;161;155;176;192;184;176;X 
105;2019;Niedersachsen;65 u. mehr;673;790;759;765;811;792;812;797;862;821;775;782;739;786;745;799;771;712;771;706;691;669;716;680;665;702;599;704;650;793;695;694;615;687;689;640;666;634;700;719;764;687;708;698;719;735;732;790;795;800;801;723;X 
106;2019;Bremen;Insgesamt;85;89;60;81;92;78;79;62;90;73;79;56;79;73;77;82;81;80;75;80;60;61;82;83;79;65;59;57;69;75;77;75;60;70;63;58;61;74;74;82;77;77;71;89;81;77;76;93;76;82;65;71;X 
107;2019;Bremen;0-65;16;18;12;16;25;16;20;10;15;15;17;11;16;15;12;19;21;17;10;15;15;9;19;21;18;16;17;11;12;15;19;16;18;17;11;16;9;13;13;18;16;17;12;18;14;18;12;22;14;24;12;8;X 
108;2019;Bremen;65 u. mehr;69;71;48;65;67;62;59;52;75;58;62;45;63;58;65;63;60;63;65;65;45;52;63;62;61;49;42;46;57;60;58;59;42;53;52;42;52;61;61;64;61;60;59;71;67;59;64;71;62;58;53;63;X 
109;2019;Nordrhein-Westfalen;Insgesamt;1956;2116;1977;2129;2146;2177;2189;2170;2276;2191;2102;2072;2028;2047;1991;1990;1887;1831;1789;1942;1804;1851;1909;1783;1758;2078;1766;1738;1785;2352;1831;1792;1704;1802;1878;1704;1694;1720;1843;1832;1891;1923;1909;1925;1888;2020;1991;2029;2072;2115;2074;1897;X 
110;2019;Nordrhein-Westfalen;0-65;380;412;371;387;380;409;407;394;426;411;393;410;372;401;389;362;339;353;358;364;321;347;388;375;350;419;320;351;359;442;351;352;324;377;375;321;315;335;346;344;353;369;350;324;371;353;361;373;423;398;363;322;X 
111;2019;Nordrhein-Westfalen;65 u. mehr;1576;1704;1606;1742;1766;1768;1782;1776;1850;1780;1709;1662;1656;1646;1602;1628;1548;1478;1431;1578;1483;1504;1521;1408;1408;1659;1446;1387;1426;1910;1480;1440;1380;1425;1503;1383;1379;1385;1497;1488;1538;1554;1559;1601;1517;1667;1630;1656;1649;1717;1711;1575;X 
112;2019;Hessen;Insgesamt;648;645;700;688;707;705;677;723;750;719;680;638;641;668;662;641;635;640;612;595;604;649;618;608;561;622;560;573;604;684;610;582;548;572;635;534;602;536;599;560;610;623;577;627;615;658;604;678;695;706;661;635;X 
113;2019;Hessen;0-65;110;120;106;131;141;127;106;127;118;120;115;101;127;120;135;117;103;112;118;102;114;110;98;106;111;120;93;100;122;107;137;110;95;116;121;116;109;104;108;88;88;106;118;126;99;111;102;127;113;132;105;118;X 
114;2019;Hessen;65 u. mehr;538;525;594;557;566;578;571;596;632;599;565;537;514;548;527;524;532;528;494;493;490;539;520;502;450;502;467;473;482;577;473;472;453;456;514;418;493;432;491;472;522;517;459;501;516;547;502;551;582;574;556;517;X 
115;2019;Rheinland-Pfalz;Insgesamt;460;517;460;518;490;483;496;523;515;499;535;483;454;465;430;434;439;416;388;431;403;444;445;425;428;424;433;412;420;504;426;406;376;361;411;390;388;459;434;392;420;469;435;393;459;461;477;468;478;475;463;465;X 
116;2019;Rheinland-Pfalz;0-65;91;93;76;88;96;87;93;95;102;72;95;72;91;94;62;97;69;74;63;92;72;82;77;82;80;81;72;80;79;87;85;57;82;58;64;52;48;93;70;65;74;87;74;76;87;88;70;82;88;81;72;85;X 
117;2019;Rheinland-Pfalz;65 u. mehr;369;424;384;430;394;396;403;428;413;427;440;411;363;371;368;337;370;342;325;339;331;362;368;343;348;343;361;332;341;417;341;349;294;303;347;338;340;366;364;327;346;382;361;317;372;373;407;386;390;394;391;380;X 
118;2019;Baden-Württemberg;Insgesamt;1102;1215;1185;1132;1146;1180;1203;1167;1259;1178;1180;1119;1091;1140;991;1016;1053;913;1008;1077;1060;998;1005;967;1004;1073;1059;983;998;1147;970;1016;939;959;982;918;966;916;995;978;1044;1029;1022;1049;1129;1015;1100;1084;1065;1133;1132;1083;X 
119;2019;Baden-Württemberg;0-65;194;207;203;197;194;183;208;184;212;210;225;194;179;176;180;183;193;151;169;192;196;167;192;173;204;203;198;149;192;195;170;202;186;181;171;151;184;161;199;161;184;173;175;191;209;179;184;167;151;172;185;172;X 
120;2019;Baden-Württemberg;65 u. mehr;908;1008;982;935;952;997;995;983;1047;968;955;925;912;964;811;833;860;762;839;885;864;831;813;794;800;870;861;834;806;952;800;814;753;778;811;767;782;755;796;817;860;856;847;858;920;836;916;917;914;961;947;911;X 
121;2019;Bayern;Insgesamt;1254;1371;1395;1383;1387;1356;1448;1420;1465;1399;1362;1347;1266;1326;1257;1199;1229;1173;1207;1167;1298;1158;1270;1111;1155;1216;1214;1138;1167;1362;1216;1110;1091;1135;1206;1100;1142;1163;1322;1233;1253;1220;1270;1222;1268;1334;1306;1294;1358;1371;1369;1309;X 
122;2019;Bayern;0-65;200;262;230;246;249;212;234;246;258;266;236;239;218;251;208;196;195;212;188;201;240;204;235;198;216;221;253;236;215;252;228;207;201;208;222;223;206;212;236;220;235;221;235;212;231;238;233;204;220;221;219;224;X 
123;2019;Bayern;65 u. mehr;1054;1109;1165;1137;1138;1144;1214;1174;1207;1133;1126;1108;1048;1075;1049;1003;1034;961;1019;966;1058;954;1035;913;939;995;961;902;952;1110;988;903;890;927;984;877;936;951;1086;1013;1018;999;1035;1010;1037;1096;1073;1090;1138;1150;1150;1085;X 
124;2019;Saarland;Insgesamt;133;118;126;131;148;138;149;128;142;148;138;135;139;125;113;119;118;119;121;150;125;130;132;108;125;141;126;107;121;121;112;107;122;97;119;122;129;124;121;129;125;113;123;133;146;127;126;121;134;133;138;124;X 
125;2019;Saarland;0-65;30;19;23;25;24;25;26;17;28;28;24;20;31;24;16;20;28;18;28;31;25;27;29;24;25;29;29;17;17;26;17;19;22;22;21;27;31;25;17;21;23;16;17;23;20;34;25;27;28;26;21;23;X 
126;2019;Saarland;65 u. mehr;103;99;103;106;124;113;123;111;114;120;114;115;108;101;97;99;90;101;93;119;100;103;103;84;100;112;97;90;104;95;95;88;100;75;98;95;98;99;104;108;102;97;106;110;126;93;101;94;106;107;117;101;X 
127;2019;Berlin;Insgesamt;344;350;382;351;357;379;388;375;407;375;360;355;321;337;373;327;306;343;338;308;319;313;313;357;321;319;286;300;306;321;298;320;320;291;356;308;297;321;333;290;328;316;320;317;339;361;306;331;338;356;327;341;X 
128;2019;Berlin;0-65;59;75;91;83;79;81;75;77;85;81;72;80;67;81;83;67;61;68;62;55;75;64;64;79;62;62;65;59;54;78;65;71;66;74;82;72;56;79;81;62;67;58;59;61;77;91;59;77;67;76;67;60;X 
129;2019;Berlin;65 u. mehr;285;275;291;268;278;298;313;298;322;294;288;275;254;256;290;260;245;275;276;253;244;249;249;278;259;257;221;241;252;243;233;249;254;217;274;236;241;242;252;228;261;258;261;256;262;270;247;254;271;280;260;281;X 
130;2019;Brandenburg;Insgesamt;335;333;328;317;343;329;367;345;354;350;321;317;324;313;282;353;331;305;295;262;323;268;318;327;311;309;302;293;278;311;318;256;275;261;321;304;273;288;288;295;336;337;290;322;297;307;343;320;376;306;362;321;X 
131;2019;Brandenburg;0-65;71;80;72;61;62;79;74;70;69;69;69;86;63;62;40;71;63;69;62;61;68;61;67;80;66;60;59;68;73;64;67;48;48;55;68;71;57;51;55;58;81;74;72;54;68;71;54;61;73;54;78;72;X 
132;2019;Brandenburg;65 u. mehr;264;253;256;256;281;250;293;275;285;281;252;231;261;251;242;282;268;236;233;201;255;207;251;247;245;249;243;225;205;247;251;208;227;206;253;233;216;237;233;237;255;263;218;268;229;236;289;259;303;252;284;249;X 
133;2019;Mecklenburg-Vorpommern;Insgesamt;208;233;220;234;223;236;232;226;226;246;211;227;208;203;208;217;231;185;209;222;205;217;221;186;203;197;212;203;205;206;193;207;207;189;214;214;191;222;215;212;198;215;198;195;221;205;216;234;195;232;211;221;X 
134;2019;Mecklenburg-Vorpommern;0-65;50;64;57;63;48;54;53;57;47;71;42;66;58;38;46;48;59;42;52;56;42;56;59;50;53;44;57;42;58;53;45;42;46;37;64;54;42;51;42;55;55;54;46;46;39;54;57;47;29;40;46;40;X 
135;2019;Mecklenburg-Vorpommern;65 u. mehr;158;169;163;171;175;182;179;169;179;175;169;161;150;165;162;169;172;143;157;166;163;161;162;136;150;153;155;161;147;153;148;165;161;152;150;160;149;171;173;157;143;161;152;149;182;151;159;187;166;192;165;181;X 
136;2019;Sachsen;Insgesamt;524;572;519;550;552;565;557;571;591;609;555;518;532;557;494;521;553;459;514;492;521;483;546;520;508;547;522;512;497;510;488;511;474;507;490;437;501;481;494;474;523;514;510;534;522;503;517;519;525;526;594;541;X 
137;2019;Sachsen;0-65;97;108;96;104;101;110;106;114;117;113;112;112;92;110;87;89;117;83;99;91;88;93;109;97;113;106;100;83;87;78;84;88;84;93;94;88;98;90;92;73;96;100;98;107;88;91;88;87;99;66;108;93;X 
138;2019;Sachsen;65 u. mehr;427;464;423;446;451;455;451;457;474;496;443;406;440;447;407;432;436;376;415;401;433;390;437;423;395;441;422;429;410;432;404;423;390;414;396;349;403;391;402;401;427;414;412;427;434;412;429;432;426;460;486;448;X 
139;2019;Sachsen-Anhalt;Insgesamt;370;322;331;313;316;364;349;345;355;381;346;335;304;335;291;308;325;330;284;316;287;304;345;307;268;299;269;299;312;313;283;294;279;232;309;293;298;295;302;296;312;301;289;271;298;292;324;329;316;340;311;310;X 
140;2019;Sachsen-Anhalt;0-65;75;56;73;74;76;79;70;62;75;69;69;74;69;63;71;59;66;79;59;71;51;57;73;68;42;69;56;64;75;63;63;68;68;44;62;73;65;65;65;65;64;63;62;76;64;67;77;65;64;67;55;60;X 
141;2019;Sachsen-Anhalt;65 u. mehr;295;266;258;239;240;285;279;283;280;312;277;261;235;272;220;249;259;251;225;245;236;247;272;239;226;230;213;235;237;250;220;226;211;188;247;220;233;230;237;231;248;238;227;195;234;225;247;264;252;273;256;250;X 
142;2019;Thüringen;Insgesamt;320;279;294;293;336;302;315;293;297;290;289;269;295;288;295;274;310;266;295;267;273;290;274;291;258;257;251;222;263;288;240;241;268;226;295;267;284;234;274;256;247;277;238;286;246;313;296;280;316;294;300;262;X 
143;2019;Thüringen;0-65;56;54;57;74;59;62;64;52;51;54;57;61;54;51;60;52;55;60;60;48;61;55;61;61;57;48;53;53;68;49;37;46;53;50;56;64;55;44;62;59;54;51;51;51;46;56;49;61;51;58;47;56;X 
144;2019;Thüringen;65 u. mehr;264;225;237;219;277;240;251;241;246;236;232;208;241;237;235;222;255;206;235;219;212;235;213;230;201;209;198;169;195;239;203;195;215;176;239;203;229;190;212;197;193;226;187;235;200;257;247;219;265;236;253;206;X 
145;2018;Schleswig-Holstein;Insgesamt;357;322;362;406;395;390;395;424;467;459;470;447;399;372;359;337;332;309;334;326;300;324;302;285;323;343;314;298;304;343;383;322;264;295;310;293;286;320;282;322;326;302;290;331;319;292;349;364;362;310;378;307;X 
146;2018;Schleswig-Holstein;0-65;74;53;76;79;81;62;64;75;77;69;72;73;69;63;66;70;67;56;55;64;69;68;53;67;61;61;74;59;58;62;70;70;57;58;62;62;61;65;55;52;64;58;59;62;60;50;56;61;68;53;63;41;X 
147;2018;Schleswig-Holstein;65 u. mehr;283;269;286;327;314;328;331;349;390;390;398;374;330;309;293;267;265;253;279;262;231;256;249;218;262;282;240;239;246;281;313;252;207;237;248;231;225;255;227;270;262;244;231;269;259;242;293;303;294;257;315;266;X 
148;2018;Hamburg;Insgesamt;176;158;199;182;168;183;200;208;194;204;206;180;194;166;182;166;124;167;184;172;152;172;155;165;148;151;172;147;153;169;205;152;163;165;143;159;141;147;139;170;181;148;149;137;171;170;202;167;189;180;179;187;X 
149;2018;Hamburg;0-65;31;23;38;34;37;37;34;36;29;40;39;35;32;41;38;33;33;43;35;33;34;33;28;30;29;31;36;26;24;32;43;26;31;38;29;32;30;31;25;25;33;40;30;22;30;32;41;33;36;40;42;32;X 
150;2018;Hamburg;65 u. mehr;145;135;161;148;131;146;166;172;165;164;167;145;162;125;144;133;91;124;149;139;118;139;127;135;119;120;136;121;129;137;162;126;132;127;114;127;111;116;114;145;148;108;119;115;141;138;161;134;153;140;137;155;X 
151;2018;Niedersachsen;Insgesamt;949;1008;978;985;1027;968;1035;1077;1278;1232;1191;1138;985;1004;951;955;780;815;847;831;796;868;817;778;790;827;814;813;813;964;1038;840;839;829;854;850;794;790;790;824;839;845;809;887;887;856;960;898;935;845;927;890;X 
152;2018;Niedersachsen;0-65;176;210;187;186;191;163;189;184;244;209;186;194;163;183;190;159;147;151;158;170;155;187;163;163;158;174;165;178;186;196;202;170;158;167;168;160;170;162;167;171;165;161;176;188;169;182;191;155;160;154;172;151;X 
153;2018;Niedersachsen;65 u. mehr;773;798;791;799;836;805;846;893;1034;1023;1005;944;822;821;761;796;633;664;689;661;641;681;654;615;632;653;649;635;627;768;836;670;681;662;686;690;624;628;623;653;674;684;633;699;718;674;769;743;775;691;755;739;X 
154;2018;Bremen;Insgesamt;85;95;72;98;104;57;88;99;132;107;112;81;92;85;77;68;64;71;63;58;67;79;62;61;69;62;64;77;77;73;98;72;53;63;56;81;84;71;53;75;70;71;65;68;67;90;61;79;84;72;81;67;X 
155;2018;Bremen;0-65;20;17;21;25;23;13;24;17;26;15;21;25;20;18;21;18;12;9;9;18;18;18;19;13;12;16;16;19;16;19;21;20;8;13;13;13;19;14;7;20;19;15;8;19;12;19;8;21;15;15;13;17;X 
156;2018;Bremen;65 u. mehr;65;78;51;73;81;44;64;82;106;92;91;56;72;67;56;50;52;62;54;40;49;61;43;48;57;46;48;58;61;54;77;52;45;50;43;68;65;57;46;55;51;56;57;49;55;71;53;58;69;57;68;50;X 
157;2018;Nordrhein-Westfalen;Insgesamt;2082;2030;2014;2016;2051;2179;2312;2424;2831;2915;2529;2413;2135;2182;2032;1950;1850;1771;1889;1841;1753;1869;1834;1644;1677;1823;1766;1768;1898;2017;2269;1971;1812;1758;1700;1807;1769;1759;1726;1826;1897;1796;1756;1790;1872;1767;1812;1918;1956;1931;2127;1915;X 
158;2018;Nordrhein-Westfalen;0-65;377;407;379;344;405;377;442;441;495;498;432;469;384;416;379;400;375;348;390;366;357;348;391;323;352;384;340;372;362;398;420;391;357;341;349;364;323;363;329;396;370;356;312;340;384;369;316;379;359;367;431;346;X 
159;2018;Nordrhein-Westfalen;65 u. mehr;1705;1623;1635;1672;1646;1802;1870;1983;2336;2417;2097;1944;1751;1766;1653;1550;1475;1423;1499;1475;1396;1521;1443;1321;1325;1439;1426;1396;1536;1619;1849;1580;1455;1417;1351;1443;1446;1396;1397;1430;1527;1440;1444;1450;1488;1398;1496;1539;1597;1564;1696;1569;X 
160;2018;Hessen;Insgesamt;660;670;671;620;654;676;748;788;802;841;804;790;702;682;619;603;611;599;605;593;540;544;563;568;533;597;586;576;547;652;715;623;597;640;562;598;595;582;563;597;561;606;602;616;645;591;651;622;650;623;702;617;X 
161;2018;Hessen;0-65;124;136;123;105;122;106;117;120;146;137;132;136;129;122;101;125;123;104;117;114;97;100;106;108;101;107;124;113;93;144;131;103;116;101;109;103;118;106;112;116;85;116;105;111;106;104;126;126;126;122;108;101;X 
162;2018;Hessen;65 u. mehr;536;534;548;515;532;570;631;668;656;704;672;654;573;560;518;478;488;495;488;479;443;444;457;460;432;490;462;463;454;508;584;520;481;539;453;495;477;476;451;481;476;490;497;505;539;487;525;496;524;501;594;516;X 
163;2018;Rheinland-Pfalz;Insgesamt;468;464;458;467;479;451;535;581;635;656;564;549;494;476;486;481;441;400;459;419;407;432;428;425;409;443;421;396;421;459;509;443;436;423;411;383;425;387;436;449;440;436;418;407;462;443;450;459;456;482;490;416;X 
164;2018;Rheinland-Pfalz;0-65;82;85;87;81;96;75;105;103;104;114;98;93;88;97;89;88;81;72;85;80;78;75;81;101;77;106;83;89;72;101;100;83;93;73;93;57;80;66;87;100;96;92;78;74;67;87;83;87;67;84;81;84;X 
165;2018;Rheinland-Pfalz;65 u. mehr;386;379;371;386;383;376;430;478;531;542;466;456;406;379;397;393;360;328;374;339;329;357;347;324;332;337;338;307;349;358;409;360;343;350;318;326;345;321;349;349;344;344;340;333;395;356;367;372;389;398;409;332;X 
166;2018;Baden-Württemberg;Insgesamt;1109;1018;1154;1073;1090;1129;1186;1263;1407;1484;1359;1218;1132;1083;1050;1065;974;973;956;930;914;943;988;921;918;961;933;926;985;1008;1119;1130;1011;986;893;912;907;984;913;956;999;936;1034;983;1065;971;1040;1081;1103;1039;1051;1065;X 
167;2018;Baden-Württemberg;0-65;203;169;203;218;172;200;192;195;238;214;233;208;214;192;200;205;184;197;176;163;184;180;186;178;170;184;166;141;197;176;189;192;186;181;162;154;166;186;191;175;169;162;199;178;208;179;200;158;209;161;169;186;X 
168;2018;Baden-Württemberg;65 u. mehr;906;849;951;855;918;929;994;1068;1169;1270;1126;1010;918;891;850;860;790;776;780;767;730;763;802;743;748;777;767;785;788;832;930;938;825;805;731;758;741;798;722;781;830;774;835;805;857;792;840;923;894;878;882;879;X 
169;2018;Bayern;Insgesamt;1336;1319;1357;1359;1393;1399;1394;1541;1654;1620;1540;1466;1397;1384;1337;1250;1225;1198;1142;1157;1219;1190;1234;1106;1156;1208;1200;1132;1165;1137;1328;1276;1224;1158;1088;1164;1105;1167;1131;1180;1172;1153;1235;1254;1239;1212;1276;1258;1272;1342;1368;1239;X 
170;2018;Bayern;0-65;257;237;232;261;209;250;218;255;270;260;248;241;213;283;251;249;223;233;207;213;214;217;230;234;241;221;216;230;237;229;254;231;243;223;210;225;210;227;207;223;213;218;209;225;230;217;229;224;219;228;239;210;X 
171;2018;Bayern;65 u. mehr;1079;1082;1125;1098;1184;1149;1176;1286;1384;1360;1292;1225;1184;1101;1086;1001;1002;965;935;944;1005;973;1004;872;915;987;984;902;928;908;1074;1045;981;935;878;939;895;940;924;957;959;935;1026;1029;1009;995;1047;1034;1053;1114;1129;1029;X 
172;2018;Saarland;Insgesamt;113;126;128;126;140;168;134;179;185;194;183;162;153;136;127;140;128;125;119;125;100;99;117;110;115;122;134;128;120;125;133;149;133;119;115;129;108;130;124;147;118;101;107;131;108;120;129;119;111;101;132;114;X 
173;2018;Saarland;0-65;28;35;23;24;28;31;30;43;23;39;30;36;27;36;25;38;28;33;28;23;12;21;22;17;22;25;20;25;22;18;19;43;23;22;22;23;27;34;31;30;32;16;18;28;19;27;23;28;12;16;23;15;X 
174;2018;Saarland;65 u. mehr;85;91;105;102;112;137;104;136;162;155;153;126;126;100;102;102;100;92;91;102;88;78;95;93;93;97;114;103;98;107;114;106;110;97;93;106;81;96;93;117;86;85;89;103;89;93;106;91;99;85;109;99;X 
175;2018;Berlin;Insgesamt;335;360;358;344;374;375;389;397;427;469;437;405;366;386;362;308;343;314;339;323;301;323;322;291;330;261;326;312;286;329;366;364;389;294;318;296;298;318;305;308;339;290;333;327;321;306;378;329;345;328;344;347;X 
176;2018;Berlin;0-65;51;80;75;83;90;79;87;72;75;84;85;78;82;73;69;60;66;69;68;84;83;75;70;73;65;69;81;60;64;69;74;85;82;76;73;56;61;81;58;64;71;53;76;64;67;59;73;79;64;70;74;73;X 
177;2018;Berlin;65 u. mehr;284;280;283;261;284;296;302;325;352;385;352;327;284;313;293;248;277;245;271;239;218;248;252;218;265;192;245;252;222;260;292;279;307;218;245;240;237;237;247;244;268;237;257;263;254;247;305;250;281;258;270;274;X 
178;2018;Brandenburg;Insgesamt;304;318;371;339;342;347;339;379;401;436;418;357;396;353;352;329;309;314;304;281;298;304;279;279;266;303;275;294;268;310;374;337;285;298;261;269;265;260;274;267;323;328;293;285;307;301;292;300;315;304;345;309;X 
179;2018;Brandenburg;0-65;63;68;70;59;63;76;68;88;83;107;83;76;77;74;77;82;66;73;57;55;74;71;68;62;65;66;65;75;59;64;78;82;56;66;53;60;50;51;65;54;78;71;65;66;59;62;69;64;59;55;75;70;X 
180;2018;Brandenburg;65 u. mehr;241;250;301;280;279;271;271;291;318;329;335;281;319;279;275;247;243;241;247;226;224;233;211;217;201;237;210;219;209;246;296;255;229;232;208;209;215;209;209;213;245;257;228;219;248;239;223;236;256;249;270;239;X 
181;2018;Mecklenburg-Vorpommern;Insgesamt;233;244;247;230;210;222;239;296;258;307;284;266;256;252;237;181;205;199;215;197;175;217;174;210;193;215;224;197;170;197;246;211;173;187;174;199;205;188;205;184;221;205;204;180;192;211;224;208;221;219;232;207;X 
182;2018;Mecklenburg-Vorpommern;0-65;63;66;69;53;53;43;59;76;65;61;69;46;60;63;58;49;45;40;43;56;40;49;38;53;59;50;57;47;35;48;57;54;30;45;50;45;49;51;58;54;55;54;46;46;44;59;56;44;56;51;49;52;X 
183;2018;Mecklenburg-Vorpommern;65 u. mehr;170;178;178;177;157;179;180;220;193;246;215;220;196;189;179;132;160;159;172;141;135;168;136;157;134;165;167;150;135;149;189;157;143;142;124;154;156;137;147;130;166;151;158;134;148;152;168;164;165;168;183;155;X 
184;2018;Sachsen;Insgesamt;582;528;498;565;560;570;617;650;767;783;690;643;607;604;554;493;527;493;466;491;554;491;534;451;444;473;500;473;470;499;571;545;490;478;449;464;477;471;446;472;457;474;456;510;504;495;485;548;545;549;539;516;X 
185;2018;Sachsen;0-65;97;105;110;98;110;98;107;109;127;123;115;118;113;102;93;89;112;99;102;95;122;104;112;79;90;114;94;91;92;110;115;101;91;99;85;92;95;98;74;89;91;94;86;90;80;87;95;106;103;100;88;90;X 
186;2018;Sachsen;65 u. mehr;485;423;388;467;450;472;510;541;640;660;575;525;494;502;461;404;415;394;364;396;432;387;422;372;354;359;406;382;378;389;456;444;399;379;364;372;382;373;372;383;366;380;370;420;424;408;390;442;442;449;451;426;X 
187;2018;Sachsen-Anhalt;Insgesamt;373;346;337;310;352;319;380;361;431;471;447;423;395;335;330;277;300;320;334;304;287;315;301;293;299;276;292;310;307;303;369;325;292;272;296;259;283;255;272;272;291;286;292;289;308;288;286;350;316;320;341;282;X 
188;2018;Sachsen-Anhalt;0-65;73;83;69;64;77;76;81;67;69;88;89;92;84;71;75;69;74;81;67;68;52;71;66;69;81;50;73;71;66;66;76;85;70;68;72;51;70;53;62;67;48;70;65;66;69;57;53;71;72;73;67;53;X 
189;2018;Sachsen-Anhalt;65 u. mehr;300;263;268;246;275;243;299;294;362;383;358;331;311;264;255;208;226;239;267;236;235;244;235;224;218;226;219;239;241;237;293;240;222;204;224;208;213;202;210;205;243;216;227;223;239;231;233;279;244;247;274;229;X 
190;2018;Thüringen;Insgesamt;322;304;275;310;303;333;278;391;404;452;392;341;301;303;295;272;257;246;265;268;257;256;237;245;256;284;232;256;253;278;287;263;263;244;274;258;298;259;278;228;266;255;246;253;284;310;251;288;279;298;278;254;X 
191;2018;Thüringen;0-65;64;63;68;71;51;51;51;66;73;82;75;57;55;71;50;53;54;59;58;52;46;48;46;54;56;56;48;57;55;68;51;49;45;44;57;56;70;58;53;55;49;51;55;42;57;75;58;63;40;52;51;48;X 
192;2018;Thüringen;65 u. mehr;258;241;207;239;252;282;227;325;331;370;317;284;246;232;245;219;203;187;207;216;211;208;191;191;200;228;184;199;198;210;236;214;218;200;217;202;228;201;225;173;217;204;191;211;227;235;193;225;239;246;227;206;X 
193;2017;Schleswig-Holstein;Insgesamt;317;349;361;346;375;406;440;381;401;347;356;321;338;303;319;318;343;311;337;295;287;331;305;287;274;307;287;276;284;287;305;308;330;334;270;303;322;297;308;315;311;321;317;280;295;327;301;342;340;319;382;332;X 
194;2017;Schleswig-Holstein;0-65;61;59;61;58;69;57;71;59;88;56;50;69;54;63;73;51;57;58;57;61;57;60;59;46;54;59;56;54;60;55;58;58;58;51;41;60;59;58;55;65;61;56;63;47;57;63;73;58;55;48;70;64;X 
195;2017;Schleswig-Holstein;65 u. mehr;256;290;300;288;306;349;369;322;313;291;306;252;284;240;246;267;286;253;280;234;230;271;246;241;220;248;231;222;224;232;247;250;272;283;229;243;263;239;253;250;250;265;254;233;238;264;228;284;285;271;312;268;X 
196;2017;Hamburg;Insgesamt;184;189;202;191;213;176;220;193;176;174;179;175;178;171;153;184;177;174;153;150;163;147;165;127;163;164;169;145;179;155;149;148;157;169;170;149;149;129;148;167;152;139;184;147;157;189;156;187;155;164;177;148;X 
197;2017;Hamburg;0-65;41;41;38;44;50;33;44;39;36;32;42;39;36;48;32;29;36;42;28;32;32;23;29;28;37;39;38;25;34;37;26;32;44;35;29;29;22;19;33;36;24;25;40;31;34;31;32;44;26;36;42;29;X 
198;2017;Hamburg;65 u. mehr;143;148;164;147;163;143;176;154;140;142;137;136;142;123;121;155;141;132;125;118;131;124;136;99;126;125;131;120;145;118;123;116;113;134;141;120;127;110;115;131;128;114;144;116;123;158;124;143;129;128;135;119;X 
199;2017;Niedersachsen;Insgesamt;1006;1036;1025;974;1089;1047;1131;1132;1070;977;942;892;853;850;820;847;849;872;844;902;796;797;770;760;840;767;798;806;819;789;816;798;776;817;809;761;817;802;844;832;906;835;848;862;846;874;879;892;904;964;955;873;X 
200;2017;Niedersachsen;0-65;196;186;175;172;186;192;159;206;179;173;181;153;182;164;155;156;160;175;180;168;150;150;168;142;163;129;151;154;158;176;170;175;160;148;155;173;158;171;160;167;165;181;188;162;155;171;171;158;169;162;182;148;X 
201;2017;Niedersachsen;65 u. mehr;810;850;850;802;903;855;972;926;891;804;761;739;671;686;665;691;689;697;664;734;646;647;602;618;677;638;647;652;661;613;646;623;616;669;654;588;659;631;684;665;741;654;660;700;691;703;708;734;735;802;773;725;X 
202;2017;Bremen;Insgesamt;91;91;72;85;84;85;89;99;91;91;72;58;90;72;65;72;83;77;61;86;76;85;76;72;77;69;70;78;78;61;50;66;55;61;72;66;78;77;80;88;70;66;73;72;78;71;81;50;72;85;55;80;X 
203;2017;Bremen;0-65;17;19;13;14;22;22;19;24;20;16;16;13;20;16;9;16;14;13;19;22;15;15;16;16;17;19;15;12;21;14;14;11;14;11;20;18;10;14;13;21;19;12;24;10;7;18;14;12;16;17;8;14;X 
204;2017;Bremen;65 u. mehr;74;72;59;71;62;63;70;75;71;75;56;45;70;56;56;56;69;64;42;64;61;70;60;56;60;50;55;66;57;47;36;55;41;50;52;48;68;63;67;67;51;54;49;62;71;53;67;38;56;68;47;66;X 
205;2017;Nordrhein-Westfalen;Insgesamt;2143;2345;2250;2303;2490;2481;2313;2186;2140;2034;2034;1909;1947;1807;1825;1824;2010;1824;1935;1864;1808;1869;1710;1782;1882;1680;1770;1646;1791;1709;1722;1651;1662;1638;1659;1706;1736;1708;1797;1740;1826;1893;1879;1789;1839;1964;1996;2010;2020;1942;2073;2016;X 
206;2017;Nordrhein-Westfalen;0-65;397;397;376;381;426;437;421;359;367;355;383;363;375;357;373;343;428;356;412;341;346;389;370;381;395;343;356;336;367;339;357;310;323;325;348;339;319;321;361;372;330;371;373;353;351;387;384;412;386;344;393;350;X 
207;2017;Nordrhein-Westfalen;65 u. mehr;1746;1948;1874;1922;2064;2044;1892;1827;1773;1679;1651;1546;1572;1450;1452;1481;1582;1468;1523;1523;1462;1480;1340;1401;1487;1337;1414;1310;1424;1370;1365;1341;1339;1313;1311;1367;1417;1387;1436;1368;1496;1522;1506;1436;1488;1577;1612;1598;1634;1598;1680;1666;X 
208;2017;Hessen;Insgesamt;685;769;717;726;840;797;771;747;734;674;626;611;636;601;537;581;649;653;600;564;569;567;579;588;597;581;557;527;576;569;604;555;597;561;594;575;575;604;619;574;621;579;596;607;640;613;597;644;639;634;599;674;X 
209;2017;Hessen;0-65;125;118;145;136;126;139;108;128;120;141;110;117;105;118;104;130;122;129;100;110;109;115;119;105;108;118;100;108;92;98;128;106;113;104;89;115;103;113;118;111;105;110;117;117;108;124;120;113;123;115;91;121;X 
210;2017;Hessen;65 u. mehr;560;651;572;590;714;658;663;619;614;533;516;494;531;483;433;451;527;524;500;454;460;452;460;483;489;463;457;419;484;471;476;449;484;457;505;460;472;491;501;463;516;469;479;490;532;489;477;531;516;519;508;553;X 
211;2017;Rheinland-Pfalz;Insgesamt;519;510;527;498;568;550;539;533;486;464;442;468;444;441;445;426;430;450;449;442;430;412;383;400;442;430;432;404;461;402;400;335;395;401;402;415;392;433;416;399;435;419;420;416;435;429;462;467;486;458;445;443;X 
212;2017;Rheinland-Pfalz;0-65;91;97;84;75;91;86;84;82;77;81;81;92;72;85;98;80;94;79;79;94;100;86;82;70;89;89;84;83;82;71;64;62;84;75;73;72;85;83;85;71;81;61;69;79;82;83;79;77;91;74;79;79;X 
213;2017;Rheinland-Pfalz;65 u. mehr;428;413;443;423;477;464;455;451;409;383;361;376;372;356;347;346;336;371;370;348;330;326;301;330;353;341;348;321;379;331;336;273;311;326;329;343;307;350;331;328;354;358;351;337;353;346;383;390;395;384;366;364;X 
214;2017;Baden-Württemberg;Insgesamt;1235;1285;1241;1331;1371;1311;1205;1256;1169;1026;1033;998;1018;960;963;901;993;959;993;928;986;952;904;929;975;931;1051;856;975;970;945;830;889;935;928;937;955;989;953;992;980;971;1008;1035;1035;1005;1029;1104;1024;1103;1049;1098;X 
215;2017;Baden-Württemberg;0-65;216;191;199;218;209;195;198;232;179;185;192;176;171;171;179;155;178;188;161;174;189;173;155;170;190;174;198;166;179;180;191;169;189;177;166;175;184;183;155;192;182;187;192;205;175;190;172;207;175;177;178;177;X 
216;2017;Baden-Württemberg;65 u. mehr;1019;1094;1042;1113;1162;1116;1007;1024;990;841;841;822;847;789;784;746;815;771;832;754;797;779;749;759;785;757;853;690;796;790;754;661;700;758;762;762;771;806;798;800;798;784;816;830;860;815;857;897;849;926;871;921;X 
217;2017;Bayern;Insgesamt;1583;1651;1539;1609;1611;1474;1483;1450;1394;1342;1269;1273;1246;1238;1175;1141;1199;1145;1167;1224;1155;1251;1102;1150;1204;1212;1108;1120;1176;1090;1193;1101;1068;1106;1095;1079;1165;1143;1181;1188;1273;1259;1192;1164;1223;1272;1222;1209;1257;1326;1194;1258;X 
218;2017;Bayern;0-65;261;275;263;259;270;238;281;244;260;236;236;245;221;230;233;231;253;221;221;238;249;247;234;229;248;234;218;205;223;210;218;225;220;206;237;211;227;220;201;209;213;225;229;231;205;205;208;212;193;236;207;229;X 
219;2017;Bayern;65 u. mehr;1322;1376;1276;1350;1341;1236;1202;1206;1134;1106;1033;1028;1025;1008;942;910;946;924;946;986;906;1004;868;921;956;978;890;915;953;880;975;876;848;900;858;868;938;923;980;979;1060;1034;963;933;1018;1067;1014;997;1064;1090;987;1029;X 
220;2017;Saarland;Insgesamt;144;144;150;125;149;164;157;135;154;114;138;108;124;125;124;107;125;120;114;126;113;113;123;115;114;131;140;102;111;114;106;131;109;102;121;110;112;135;139;118;110;140;111;105;125;129;120;128;124;113;121;133;X 
221;2017;Saarland;0-65;25;35;26;25;34;24;32;30;31;22;30;21;23;32;24;16;21;30;16;28;18;20;28;26;36;26;17;14;23;19;21;29;31;31;18;22;18;35;29;23;14;31;12;13;25;34;17;27;22;28;19;21;X 
222;2017;Saarland;65 u. mehr;119;109;124;100;115;140;125;105;123;92;108;87;101;93;100;91;104;90;98;98;95;93;95;89;78;105;123;88;88;95;85;102;78;71;103;88;94;100;110;95;96;109;99;92;100;95;103;101;102;85;102;112;X 
223;2017;Berlin;Insgesamt;360;377;395;381;390;385;410;443;368;308;337;320;364;311;321;332;323;286;326;330;290;300;303;299;283;281;275;301;290;304;329;299;318;284;257;286;301;290;286;336;355;346;286;304;315;322;309;298;313;353;335;329;X 
224;2017;Berlin;0-65;71;68;86;70;64;82;89;106;70;75;72;79;77;62;61;53;75;81;77;64;71;77;74;71;60;60;63;74;67;79;64;77;75;61;63;79;58;64;77;82;64;83;56;71;58;72;72;68;62;67;71;66;X 
225;2017;Berlin;65 u. mehr;289;309;309;311;326;303;321;337;298;233;265;241;287;249;260;279;248;205;249;266;219;223;229;228;223;221;212;227;223;225;265;222;243;223;194;207;243;226;209;254;291;263;230;233;257;250;237;230;251;286;264;263;X 
226;2017;Brandenburg;Insgesamt;345;375;340;393;369;388;406;395;335;324;305;299;312;307;289;274;328;301;305;308;295;298;291;273;288;264;274;263;272;279;302;268;303;278;294;274;274;277;261;283;299;276;315;311;277;318;297;280;332;310;301;338;X 
227;2017;Brandenburg;0-65;66;86;68;78;72;79;93;74;73;63;72;70;83;70;74;67;82;81;66;69;73;61;69;63;76;55;53;67;66;68;63;56;66;87;71;80;65;65;59;63;65;65;56;73;59;74;72;59;69;65;68;69;X 
228;2017;Brandenburg;65 u. mehr;279;289;272;315;297;309;313;321;262;261;233;229;229;237;215;207;246;220;239;239;222;237;222;210;212;209;221;196;206;211;239;212;237;191;223;194;209;212;202;220;234;211;259;238;218;244;225;221;263;245;233;269;X 
229;2017;Mecklenburg-Vorpommern;Insgesamt;231;240;218;242;222;212;267;246;232;236;203;209;199;209;205;179;208;209;189;195;203;207;191;175;194;162;179;181;187;192;214;174;173;194;199;186;207;198;189;196;209;199;212;199;217;204;202;185;216;215;222;226;X 
230;2017;Mecklenburg-Vorpommern;0-65;63;58;55;52;50;36;56;59;53;56;45;51;48;51;53;40;46;49;45;48;46;60;48;38;65;43;56;47;44;45;60;41;46;51;53;40;51;60;35;38;54;49;52;46;54;42;50;52;35;55;55;51;X 
231;2017;Mecklenburg-Vorpommern;65 u. mehr;168;182;163;190;172;176;211;187;179;180;158;158;151;158;152;139;162;160;144;147;157;147;143;137;129;119;123;134;143;147;154;133;127;143;146;146;156;138;154;158;155;150;160;153;163;162;152;133;181;160;167;175;X 
232;2017;Sachsen;Insgesamt;600;666;584;581;657;649;657;649;628;550;536;490;526;484;481;478;490;530;537;492;453;492;487;441;501;454;491;462;472;460;476;478;429;455;484;489;449;509;441;478;493;490;490;497;493;526;531;505;524;539;503;524;X 
233;2017;Sachsen;0-65;112;126;116;100;115;133;105;109;106;110;98;94;100;88;88;96;110;96;108;109;101;100;105;93;107;92;112;83;86;100;95;95;93;94;88;100;64;101;83;106;97;96;97;82;106;118;94;91;91;92;78;109;X 
234;2017;Sachsen;65 u. mehr;488;540;468;481;542;516;552;540;522;440;438;396;426;396;393;382;380;434;429;383;352;392;382;348;394;362;379;379;386;360;381;383;336;361;396;389;385;408;358;372;396;394;393;415;387;408;437;414;433;447;425;415;X 
235;2017;Sachsen-Anhalt;Insgesamt;344;345;318;375;398;387;414;405;361;321;325;312;299;304;272;307;318;300;331;321;300;302;294;283;275;263;316;290;330;288;303;293;295;258;283;281;293;294;308;287;311;357;300;289;297;286;311;350;307;321;349;345;X 
236;2017;Sachsen-Anhalt;0-65;82;82;63;71;76;81;82;72;71;72;82;69;59;74;61;73;69;67;76;77;70;77;77;65;64;54;60;61;73;77;84;67;68;55;63;68;53;62;69;61;73;75;58;61;75;69;65;83;55;66;90;76;X 
237;2017;Sachsen-Anhalt;65 u. mehr;262;263;255;304;322;306;332;333;290;249;243;243;240;230;211;234;249;233;255;244;230;225;217;218;211;209;256;229;257;211;219;226;227;203;220;213;240;232;239;226;238;282;242;228;222;217;246;267;252;255;259;269;X 
238;2017;Thüringen;Insgesamt;313;343;320;351;351;353;340;334;306;276;302;277;278;248;267;227;289;255;254;280;246;255;238;270;247;258;244;258;263;250;263;222;257;239;242;231;260;248;281;224;275;266;293;245;275;267;267;306;296;281;259;276;X 
239;2017;Thüringen;0-65;64;64;57;62;70;65;55;54;50;52;66;60;59;43;67;44;66;55;53;53;48;66;55;54;51;53;47;65;71;55;63;55;69;56;65;46;68;54;52;49;57;68;61;41;60;57;59;74;61;62;43;64;X 
240;2017;Thüringen;65 u. mehr;249;279;263;289;281;288;285;280;256;224;236;217;219;205;200;183;223;200;201;227;198;189;183;216;196;205;197;193;192;195;200;167;188;183;177;185;192;194;229;175;218;198;232;204;215;210;208;232;235;219;216;212;X 
241;2016;Schleswig-Holstein;Insgesamt;355;346;362;366;345;331;343;316;336;373;336;365;371;340;325;327;322;332;301;280;286;288;330;304;300;309;277;261;335;280;289;296;296;286;325;289;315;284;282;318;341;354;321;293;343;364;306;343;336;322;340;334;X 
242;2016;Schleswig-Holstein;0-65;58;76;72;61;63;65;70;48;70;78;62;70;74;71;64;63;53;67;62;49;48;58;78;58;63;67;57;58;62;51;57;53;56;41;75;60;57;56;44;58;76;69;52;62;59;61;48;63;55;60;61;53;X 
243;2016;Schleswig-Holstein;65 u. mehr;297;270;290;305;282;266;273;268;266;295;274;295;297;269;261;264;269;265;239;231;238;230;252;246;237;242;220;203;273;229;232;243;240;245;250;229;258;228;238;260;265;285;269;231;284;303;258;280;281;262;279;281;X 
244;2016;Hamburg;Insgesamt;185;174;173;175;158;182;159;180;150;162;165;167;187;155;156;156;137;153;167;172;161;162;147;169;162;151;132;140;154;162;144;132;142;167;132;151;144;136;118;150;159;172;163;153;154;189;136;148;183;180;171;180;X 
245;2016;Hamburg;0-65;46;37;36;42;41;40;43;42;33;29;27;42;42;34;32;39;24;36;37;42;35;38;35;31;29;31;30;40;36;29;28;16;29;36;26;24;33;35;26;35;39;26;39;32;31;31;27;33;34;31;45;28;X 
246;2016;Hamburg;65 u. mehr;139;137;137;133;117;142;116;138;117;133;138;125;145;121;124;117;113;117;130;130;126;124;112;138;133;120;102;100;118;133;116;116;113;131;106;127;111;101;92;115;120;146;124;121;123;158;109;115;149;149;126;152;X 
247;2016;Niedersachsen;Insgesamt;987;935;947;971;929;902;955;899;967;869;907;966;923;850;936;806;907;870;892;875;799;786;787;796;831;775;853;767;819;806;748;738;748;832;791;814;833;779;807;829;845;922;869;887;936;923;831;927;967;934;982;957;X 
248;2016;Niedersachsen;0-65;185;186;176;210;192;188;172;208;179;176;189;157;170;167;170;151;168;187;183;175;163;176;167;163;187;156;197;145;184;187;144;158;129;155;163;175;176;149;168;185;185;196;174;162;206;181;156;199;175;161;182;175;X 
249;2016;Niedersachsen;65 u. mehr;802;749;771;761;737;714;783;691;788;693;718;809;753;683;766;655;739;683;709;700;636;610;620;633;644;619;656;622;635;619;604;580;619;677;628;639;657;630;639;644;660;726;695;725;730;742;675;728;792;773;800;782;X 
250;2016;Bremen;Insgesamt;68;54;82;79;83;85;90;65;84;75;58;77;80;61;68;56;51;62;66;70;71;81;80;73;55;57;71;71;76;75;60;55;77;84;62;58;71;65;83;77;67;74;86;70;68;80;66;70;81;68;89;81;X 
251;2016;Bremen;0-65;19;8;19;12;11;23;20;13;19;13;9;19;16;18;14;10;9;13;14;21;11;14;22;17;15;3;22;19;20;15;12;14;20;23;15;14;14;17;19;23;19;22;17;14;14;17;11;14;25;14;14;20;X 
252;2016;Bremen;65 u. mehr;49;46;63;67;72;62;70;52;65;62;49;58;64;43;54;46;42;49;52;49;60;67;58;56;40;54;49;52;56;60;48;41;57;61;47;44;57;48;64;54;48;52;69;56;54;63;55;56;56;54;75;61;X 
253;2016;Nordrhein-Westfalen;Insgesamt;1936;1962;1995;1967;2016;1946;1988;1912;2028;2056;2106;2098;2009;2040;1963;1831;1886;1850;1961;1795;1787;1770;1696;1751;1803;1708;1786;1812;1883;1789;1665;1705;1862;1922;1770;1755;1806;1708;1757;1780;1923;1847;1925;1931;1945;1918;1953;1852;1999;1971;2057;2066;X 
254;2016;Nordrhein-Westfalen;0-65;404;402;365;379;420;414;410;396;387;414;412;426;443;425;393;398;380;369;398;367;362;382;360;341;372;326;395;373;389;389;318;362;397;400;370;369;351;350;372;369;364;353;417;412;396;369;388;357;372;340;406;374;X 
255;2016;Nordrhein-Westfalen;65 u. mehr;1532;1560;1630;1588;1596;1532;1578;1516;1641;1642;1694;1672;1566;1615;1570;1433;1506;1481;1563;1428;1425;1388;1336;1410;1431;1382;1391;1439;1494;1400;1347;1343;1465;1522;1400;1386;1455;1358;1385;1411;1559;1494;1508;1519;1549;1549;1565;1495;1627;1631;1651;1692;X 
256;2016;Hessen;Insgesamt;630;618;640;641;587;641;567;678;609;630;662;645;663;602;619;622;618;592;590;550;554;595;589;549;569;540;556;549;593;573;521;537;561;584;573;554;560;526;541;578;636;623;619;582;616;677;612;622;680;657;632;675;X 
257;2016;Hessen;0-65;111;114;102;138;108;126;108;122;100;116;115;125;123;115;111;116;133;98;101;97;103;137;111;108;114;99;113;85;111;114;105;101;116;121;111;110;111;97;90;106;115;109;125;116;108;111;106;107;116;121;111;106;X 
258;2016;Hessen;65 u. mehr;519;504;538;503;479;515;459;556;509;514;547;520;540;487;508;506;485;494;489;453;451;458;478;441;455;441;443;464;482;459;416;436;445;463;462;444;449;429;451;472;521;514;494;466;508;566;506;515;564;536;521;569;X 
259;2016;Rheinland-Pfalz;Insgesamt;431;424;439;439;449;412;472;473;499;451;476;436;487;485;436;420;436;414;444;407;410;414;369;421;425;367;415;449;416;394;378;391;387;447;390;415;373;375;430;429;440;446;458;418;447;456;460;434;476;453;434;474;X 
260;2016;Rheinland-Pfalz;0-65;88;83;78;80;86;77;88;76;84;93;89;96;91;91;80;89;83;76;91;85;76;84;69;82;103;75;94;76;68;73;73;73;71;95;81;70;82;76;77;76;89;85;72;87;75;69;85;76;81;87;68;93;X 
261;2016;Rheinland-Pfalz;65 u. mehr;343;341;361;359;363;335;384;397;415;358;387;340;396;394;356;331;353;338;353;322;334;330;300;339;322;292;321;373;348;321;305;318;316;352;309;345;291;299;353;353;351;361;386;331;372;387;375;358;395;366;366;381;X 
262;2016;Baden-Württemberg;Insgesamt;1018;1060;1060;1093;1020;1049;1059;1067;1133;1063;1050;1081;1083;1035;1002;970;964;960;1007;1002;914;934;961;943;1002;949;971;911;996;936;885;925;948;970;926;921;937;908;989;940;1034;1036;992;1043;1058;1066;1046;1053;1143;1047;1149;1101;X 
263;2016;Baden-Württemberg;0-65;193;206;193;236;169;207;181;214;206;197;181;190;202;184;195;170;182;191;177;209;179;168;195;182;195;182;176;160;193;176;191;202;192;201;188;213;195;179;192;159;192;169;187;201;205;175;188;198;212;169;199;187;X 
264;2016;Baden-Württemberg;65 u. mehr;825;854;867;857;851;842;878;853;927;866;869;891;881;851;807;800;782;769;830;793;735;766;766;761;807;767;795;751;803;760;694;723;756;769;738;708;742;729;797;781;842;867;805;842;853;891;858;855;931;878;950;914;X 
265;2016;Bayern;Insgesamt;1259;1275;1317;1229;1267;1288;1281;1307;1332;1284;1297;1200;1221;1217;1240;1200;1203;1153;1160;1159;1113;1125;1129;1113;1189;1116;1137;1146;1246;1077;1074;1076;1176;1223;1092;1097;1119;1083;1157;1109;1280;1247;1181;1324;1279;1344;1293;1305;1298;1366;1379;1466;X 
266;2016;Bayern;0-65;249;233;240;233;214;244;239;253;236;241;238;247;215;231;228;233;215;226;208;200;199;219;227;191;230;237;237;240;234;234;217;231;223;227;216;208;236;224;242;216;215;238;199;251;215;237;236;240;233;247;232;239;X 
267;2016;Bayern;65 u. mehr;1010;1042;1077;996;1053;1044;1042;1054;1096;1043;1059;953;1006;986;1012;967;988;927;952;959;914;906;902;922;959;879;900;906;1012;843;857;845;953;996;876;889;883;859;915;893;1065;1009;982;1073;1064;1107;1057;1065;1065;1119;1147;1227;X 
268;2016;Saarland;Insgesamt;138;118;118;124;135;137;101;107;117;136;131;126;135;159;116;116;126;101;115;121;107;102;110;93;118;109;117;98;106;116;117;112;120;128;118;108;114;109;119;107;113;131;125;113;116;126;109;126;132;147;130;138;X 
269;2016;Saarland;0-65;38;19;24;17;25;24;21;18;19;15;20;26;32;33;25;29;23;22;15;24;20;22;27;17;22;22;27;16;28;19;25;27;31;37;27;20;27;21;28;25;25;24;20;20;24;22;24;26;29;25;31;18;X 
270;2016;Saarland;65 u. mehr;100;99;94;107;110;113;80;89;98;121;111;100;103;126;91;87;103;79;100;97;87;80;83;76;96;87;90;82;78;97;92;85;89;91;91;88;87;88;91;82;88;107;105;93;92;104;85;100;103;122;99;120;X 
271;2016;Berlin;Insgesamt;339;359;345;349;356;349;346;371;400;319;369;359;333;346;322;321;314;324;319;306;277;292;272;289;300;278;287;284;324;301;287;281;287;300;305;279;283;285;336;333;336;346;316;377;308;325;338;360;341;339;325;381;X 
272;2016;Berlin;0-65;82;89;71;65;81;86;79;82;100;59;74;86;85;64;70;69;68;90;77;59;73;73;69;77;81;76;67;76;83;75;61;74;61;64;77;62;66;59;79;84;71;91;71;86;69;59;66;88;82;70;66;75;X 
273;2016;Berlin;65 u. mehr;257;270;274;284;275;263;267;289;300;260;295;273;248;282;252;252;246;234;242;247;204;219;203;212;219;202;220;208;241;226;226;207;226;236;228;217;217;226;257;249;265;255;245;291;239;266;272;272;259;269;259;306;X 
274;2016;Brandenburg;Insgesamt;318;324;347;309;316;335;290;334;343;317;345;326;304;309;286;305;311;304;305;294;273;280;260;276;304;264;267;262;278;287;282;272;284;300;288;277;274;245;273;277;287;304;280;278;312;277;292;311;309;316;338;321;X 
275;2016;Brandenburg;0-65;69;70;83;61;75;84;72;90;85;80;87;79;70;73;70;71;66;83;81;54;55;64;63;68;81;56;62;52;68;69;63;71;66;77;64;59;54;51;57;69;65;66;59;61;90;74;52;73;80;68;71;70;X 
276;2016;Brandenburg;65 u. mehr;249;254;264;248;241;251;218;244;258;237;258;247;234;236;216;234;245;221;224;240;218;216;197;208;223;208;205;210;210;218;219;201;218;223;224;218;220;194;216;208;222;238;221;217;222;203;240;238;229;248;267;251;X 
277;2016;Mecklenburg-Vorpommern;Insgesamt;227;216;216;202;226;206;227;232;206;221;203;182;211;191;224;185;195;201;209;194;189;216;188;167;197;189;197;198;194;173;193;179;188;194;185;193;181;193;192;185;204;231;182;187;182;210;187;203;204;203;214;197;X 
278;2016;Mecklenburg-Vorpommern;0-65;71;58;51;64;54;48;54;67;59;54;55;57;53;59;67;45;54;43;64;41;51;54;48;45;53;48;50;44;49;39;54;50;57;45;45;47;38;50;57;52;41;48;48;39;54;47;56;55;58;48;54;40;X 
279;2016;Mecklenburg-Vorpommern;65 u. mehr;156;158;165;138;172;158;173;165;147;167;148;125;158;132;157;140;141;158;145;153;138;162;140;122;144;141;147;154;145;134;139;129;131;149;140;146;143;143;135;133;163;183;134;148;128;163;131;148;146;155;160;157;X 
280;2016;Sachsen;Insgesamt;495;536;550;562;539;519;525;529;543;500;526;550;507;492;511;506;503;494;503;499;469;467;450;441;508;451;469;457;485;511;452;457;458;455;514;477;477;431;471;493;481;481;545;490;510;499;510;506;522;556;552;587;X 
281;2016;Sachsen;0-65;106;110;104;111;117;106;119;124;99;122;115;118;112;111;105;119;120;86;108;106;103;90;84;85;109;94;110;98;105;93;101;94;93;102;100;114;98;102;92;103;100;95;98;96;94;91;99;118;88;99;83;112;X 
282;2016;Sachsen;65 u. mehr;389;426;446;451;422;413;406;405;444;378;411;432;395;381;406;387;383;408;395;393;366;377;366;356;399;357;359;359;380;418;351;363;365;353;414;363;379;329;379;390;381;386;447;394;416;408;411;388;434;457;469;475;X 
283;2016;Sachsen-Anhalt;Insgesamt;338;349;296;270;308;307;322;329;339;321;338;342;311;316;289;286;333;315;330;279;276;306;254;244;308;278;269;304;323;304;269;237;271;307;280;295;274;249;276;274;301;312;282;285;302;301;309;338;282;324;338;324;X 
284;2016;Sachsen-Anhalt;0-65;75;75;67;62;74;77;81;71;94;74;72;78;70;83;83;59;79;66;92;61;67;72;61;54;68;61;71;76;70;82;66;56;66;60;66;66;60;55;61;67;68;62;60;69;69;69;78;71;68;69;69;82;X 
285;2016;Sachsen-Anhalt;65 u. mehr;263;274;229;208;234;230;241;258;245;247;266;264;241;233;206;227;254;249;238;218;209;234;193;190;240;217;198;228;253;222;203;181;205;247;214;229;214;194;215;207;233;250;222;216;233;232;231;267;214;255;269;242;X 
286;2016;Thüringen;Insgesamt;292;272;283;301;313;282;319;315;272;313;291;272;282;287;281;250;248;287;257;260;250;280;251;231;280;240;265;257;234;247;236;236;264;242;210;257;239;246;256;252;248;294;257;273;256;263;281;321;288;300;311;310;X 
287;2016;Thüringen;0-65;64;72;62;64;69;65;63;67;60;61;48;70;62;65;71;61;46;66;51;61;50;49;51;51;71;52;70;62;51;60;49;44;72;57;49;44;64;44;68;65;59;66;59;51;66;57;76;69;60;70;71;62;X 
288;2016;Thüringen;65 u. mehr;228;200;221;237;244;217;256;248;212;252;243;202;220;222;210;189;202;221;206;199;200;231;200;180;209;188;195;195;183;187;187;192;192;185;161;213;175;202;188;187;189;228;198;222;190;206;205;252;228;230;240;248;X 
