# Berichtsdatum;Anzahl COVID-19-Fälle;;Differenz Vortag Fälle;Todesfälle;Differenz Vortag Todesfälle;Fall-Verstorbenen-Anteil;Fälle ohne Todesfälle;;;;;;;;
2020-02-25;16;;;;;;16;;;;;;;;
2020-02-26;21;;5;;;;21;;;;;;;;
2020-02-27;26;;5;;;;26;;;;;;;;
2020-02-28;53;;27;;;;53;;;;;;;;
2020-02-29;66;;13;;;;66;;;;;;;;
2020-03-01;117;;51;;;;117;;;;;;;;
2020-03-02;150;;33;;;;150;;;;;;;;
2020-03-03;188;;38;;;;188;;;;;;;;
2020-03-04;240;;52;;;;240;;;;;;;;
2020-03-05;349;;109;;;;349;;;;;;;;
2020-03-06;534;;185;;;;534;;;;;;;;
2020-03-07;684;;150;;;;684;;;;;;;;
2020-03-08;847;;163;;;;847;;;;;;;;
2020-03-09;1112;;265;2;2;1.7985611510791368E-3;1110;;;;;;;;
2020-03-10;1296;;184;2;0;1.5432098765432098E-3;1294;;;;;;;;
2020-03-11;1567;;271;3;1;1.9144862795149968E-3;1564;;;;;;;;
2020-03-12;2369;;802;5;2;2.1105951878429719E-3;2364;;;;;;;;
2020-03-13;3062;;693;5;0;1.6329196603527107E-3;3057;;;;;;;;
2020-03-14;3795;;733;8;3;2.1080368906455861E-3;3787;;;;;;;;
2020-03-15;4838;;1043;12;4;2.4803637866887144E-3;4826;;;;;;;;
2020-03-16;6012;;1174;12;0;1.996007984031936E-3;6000;;;;;;;;
2020-03-17;7156;;1144;12;0;1.6769144773616546E-3;7144;;;;;;;;
2020-03-18;8198;;1042;12;0;1.463771651622347E-3;8186;;;;;;;;
2020-03-19;10999;;2801;20;8;1.8183471224656788E-3;10979;;;;;;;;
2020-03-20;13957;;2958;31;11;2.2211076878985454E-3;13926;;;;;;;;
2020-03-21;16662;;2705;47;16;2.8207898211499221E-3;16615;;;;;;;;
2020-03-22;18610;;1948;55;8;2.9554003224073078E-3;18555;;;;;;;;
2020-03-23;22672;;4062;86;31;3.7932251235003531E-3;22586;;;;;;;;
2020-03-24;27436;;4764;114;28;4.1551246537396124E-3;27322;;;;;;;;
2020-03-25;31554;;4118;149;35;4.7220637637066616E-3;31405;;;;;;;;
2020-03-26;36508;;4954;198;49;5.4234688287498629E-3;36310;;;;;;;;
2020-03-27;42288;;5780;253;55;5.9827847143397658E-3;42035;;;;;;;;
2020-03-28;48582;;6294;325;72;6.6897204726030215E-3;48257;;;;;;;;
2020-03-29;52547;;3965;389;64;7.4028964546025465E-3;52158;;;;;;;;
2020-03-30;57298;;4751;455;66;7.9409403469580097E-3;56843;;;;;;;;
2020-03-31;61913;;4615;583;128;9.4164391969376385E-3;61330;;;;;;;;
2020-04-01;67366;;5453;732;149;1.0866015497431939E-2;66634;;;;;;;;
2020-04-02;73522;;6156;872;140;1.1860395527869209E-2;72650;;;;;;;;
2020-04-03;79696;;6174;1017;145;1.276099176872114E-2;78679;;;;;;;;
2020-04-04;85778;;6082;1158;141;1.3499965025997342E-2;84620;;;;;;;;
2020-04-05;91714;;5936;1342;184;1.4632444337832827E-2;90372;;;;;;;;
2020-04-06;95391;;3677;1434;92;1.5032864735666887E-2;93957;;;;;;;;
2020-04-07;99225;;3834;1607;173;1.6195515243134291E-2;97618;;;;;;;;
2020-04-08;103228;;4003;1861;254;1.8028054403843918E-2;101367;;;;;;;;
2020-04-09;108202;;4974;2107;246;1.9472837840335669E-2;106095;;;;;;;;
2020-04-10;113525;;5323;2373;266;2.0902884827130586E-2;111152;;;;;;;;
2020-04-11;117658;;4133;2544;171;2.1621989155008584E-2;115114;;;;;;;;
2020-04-12;120479;;2821;2673;129;2.2186439130470869E-2;117806;;;;;;;;
2020-04-13;123016;;2537;2799;126;2.275313780321259E-2;120217;;;;;;;;
2020-04-14;125098;;2082;2969;170;2.3733393019872422E-2;122129;;;;;;;;
2020-04-15;127584;;2486;3254;285;2.5504765487835465E-2;124330;;;;;;;;
2020-04-16;130450;;2866;3569;315;2.7359141433499424E-2;126881;;;;;;;;
2020-04-17;133830;;3380;3868;299;2.8902338788014646E-2;129962;;;;;;;;
2020-04-18;137439;;3609;4110;242;2.9904175670661167E-2;133329;;;;;;;;
2020-04-19;139897;;2458;4294;184;3.069401059350808E-2;135603;;;;;;;;
2020-04-20;141672;;1775;4404;110;3.1085888531255292E-2;137268;;;;;;;;
2020-04-21;143457;;1785;4598;194;3.2051416103780227E-2;138859;;;;;;;;
2020-04-22;145694;;2237;4879;281;3.3487995387593172E-2;140815;;;;;;;;
2020-04-23;148046;;2352;5094;215;3.4408224470772596E-2;142952;;;;;;;;
2020-04-24;150383;;2337;5321;227;3.5382988768677313E-2;145062;;;;;;;;
2020-04-25;152438;;2055;5500;179;3.6080242459229327E-2;146938;;;;;;;;
2020-04-26;154175;;1737;5640;140;3.6581806388843847E-2;148535;;;;;;;;
2020-04-27;155193;;1018;5750;110;3.7050640170626252E-2;149443;;;;;;;;
2020-04-28;156337;;1144;5913;163;3.7822140632096046E-2;150424;;;;;;;;
2020-04-29;157641;;1304;6115;202;3.8790669939926796E-2;151526;;;;;;;;
2020-04-30;159119;;1478;6288;173;3.9517593750589185E-2;152831;;;;;;;;
2020-05-01;160758;;1639;6481;193;4.0315256472461709E-2;154277;;;;;;;;
2020-05-02;161703;;945;6575;94;4.0660964855321176E-2;155128;;;;;;;;
2020-05-03;162496;;793;6649;74;4.0917930287514767E-2;155847;;;;;;;;
2020-05-04;163175;;679;6692;43;4.1011184311322203E-2;156483;;;;;;;;
2020-05-05;163860;;685;6831;139;4.168802636396924E-2;157029;;;;;;;;
2020-05-06;164807;;947;6996;165;4.2449653230748695E-2;157811;;;;;;;;
2020-05-07;166091;;1284;7119;123;4.2862045505174876E-2;158972;;;;;;;;
2020-05-08;167300;;1209;7266;147;4.3430962343096235E-2;160034;;;;;;;;
2020-05-09;168551;;1251;7369;103;4.3719705015099287E-2;161182;;;;;;;;
2020-05-10;169218;;667;7395;26;4.3701024713682944E-2;161823;;;;;;;;
2020-05-11;169575;;357;7417;22;4.3738758661359282E-2;162158;;;;;;;;
2020-05-12;170508;;933;7533;116;4.417974523189528E-2;162975;;;;;;;;
2020-05-13;171306;;798;7634;101;4.4563529590323746E-2;163672;;;;;;;;
2020-05-14;172239;;933;7723;89;4.4838857633869217E-2;164516;;;;;;;;
2020-05-15;173152;;913;7824;101;4.5185732766586585E-2;165328;;;;;;;;
2020-05-16;173772;;620;7881;57;4.5352530902561979E-2;165891;;;;;;;;
2020-05-17;174355;;583;7914;33;4.539015227552981E-2;166441;;;;;;;;
2020-05-18;174697;;342;7935;21;4.5421501227840201E-2;166762;;;;;;;;
2020-05-19;175210;;513;8007;72;4.569944637863136E-2;167203;;;;;;;;
2020-05-20;176007;;797;8090;83;4.596408097405217E-2;167917;;;;;;;;
2020-05-21;176752;;745;8147;57;4.6092830632750971E-2;168605;;;;;;;;
2020-05-22;177212;;460;8174;27;4.6125544545516102E-2;169038;;;;;;;;
2020-05-23;177850;;638;8216;42;4.6196232780432951E-2;169634;;;;;;;;
2020-05-24;178281;;431;8247;31;4.6258434718225723E-2;170034;;;;;;;;
2020-05-25;178570;;289;8257;10;4.623956991655933E-2;170313;;;;;;;;
2020-05-26;179002;;432;8302;45;4.6379370062904324E-2;170700;;;;;;;;
2020-05-27;179364;;362;8349;47;4.6547802234562119E-2;171015;;;;;;;;
2020-05-28;179717;;353;8411;62;4.6801359915867723E-2;171306;;;;;;;;
2020-05-29;180458;;741;8450;39;4.6825300069822343E-2;172008;;;;;;;;
2020-05-30;181196;;738;8489;39;4.6849820084328572E-2;172707;;;;;;;;
2020-05-31;181482;;286;8500;11;4.6836600875017911E-2;172982;;;;;;;;
2020-06-01;181815;;333;8511;11;4.6811319198085968E-2;173304;;;;;;;;
2020-06-02;182028;;213;8522;11;4.6816973212912297E-2;173506;;;;;;;;
2020-06-03;182370;;342;8551;29;4.6888194330207821E-2;173819;;;;;;;;
2020-06-04;182764;;394;8581;30;4.6951259547832178E-2;174183;;;;;;;;
2020-06-05;183271;;507;8613;32;4.6995978632735129E-2;174658;;;;;;;;
2020-06-06;183678;;407;8646;33;4.7071505569529284E-2;175032;;;;;;;;
2020-06-07;183979;;301;8668;22;4.7114072801787157E-2;175311;;;;;;;;
2020-06-08;184193;;214;8674;6;4.7091909030202016E-2;175519;;;;;;;;
2020-06-09;184543;;350;8711;37;4.7203090878548633E-2;175832;;;;;;;;
2020-06-10;184861;;318;8729;18;4.7219262040127448E-2;176132;;;;;;;;
2020-06-11;185416;;555;8755;26;4.7218147301203779E-2;176661;;;;;;;;
2020-06-12;185674;;258;8763;8;4.7195622435020519E-2;176911;;;;;;;;
2020-06-13;186022;;348;8781;18;4.7204094139402866E-2;177241;;;;;;;;
2020-06-14;186269;;247;8787;6;4.7173711138192617E-2;177482;;;;;;;;
2020-06-15;186461;;192;8791;4;4.7146588294603158E-2;177670;;;;;;;;
2020-06-16;186839;;378;8800;9;4.7099374327629673E-2;178039;;;;;;;;
2020-06-17;187184;;345;8830;30;4.7172835285067098E-2;178354;;;;;;;;
2020-06-18;187764;;580;8856;26;4.7165590848085893E-2;178908;;;;;;;;
2020-06-19;188534;;770;8872;16;4.7057825113772579E-2;179662;;;;;;;;
2020-06-20;189135;;601;8883;11;4.6966452533904357E-2;180252;;;;;;;;
2020-06-21;189822;;687;8882;-1;4.6791204391482544E-2;180940;;;;;;;;
2020-06-22;190359;;537;8885;3;4.6674966773307278E-2;181474;;;;;;;;
2020-06-23;190862;;503;8895;10;4.6604352883235008E-2;181967;;;;;;;;
2020-06-24;191449;;587;8914;19;4.6560702850367459E-2;182535;;;;;;;;
2020-06-25;192079;;630;8927;13;4.6475668865414752E-2;183152;;;;;;;;
2020-06-26;192556;;477;8948;21;4.6469598454475583E-2;183608;;;;;;;;
2020-06-27;193243;;687;8954;6;4.6335442939718384E-2;184289;;;;;;;;
2020-06-28;193499;;256;8957;3;4.6289644907725622E-2;184542;;;;;;;;
2020-06-29;193761;;262;8961;4;4.6247696904949911E-2;184800;;;;;;;;
2020-06-30;194259;;498;8973;12;4.6190910073664541E-2;185286;;;;;;;;
2020-07-01;194725;;466;8985;12;4.6141995121324948E-2;185740;;;;;;;;
2020-07-02;195228;;503;8994;9;4.6069211383613008E-2;186234;;;;;;;;
2020-07-03;195674;;446;9003;9;4.6010200639839731E-2;186671;;;;;;;;
2020-07-04;196096;;422;9010;7;4.5946883159268932E-2;187086;;;;;;;;
2020-07-05;196335;;239;9012;2;4.5901138360455347E-2;187323;;;;;;;;
2020-07-06;196554;;219;9016;4;4.5870346062659627E-2;187538;;;;;;;;
2020-07-07;196944;;390;9024;8;4.5820131611016328E-2;187920;;;;;;;;
2020-07-08;197341;;397;9036;12;4.5788761585276248E-2;188305;;;;;;;;
2020-07-09;197783;;442;9048;12;4.5747106677520313E-2;188735;;;;;;;;
2020-07-10;198178;;395;9054;6;4.5686201293786394E-2;189124;;;;;;;;
2020-07-11;198556;;378;9060;6;4.5629444589939359E-2;189496;;;;;;;;
2020-07-12;198804;;248;9063;3;4.558761393130923E-2;189741;;;;;;;;
2020-07-13;198963;;159;9064;1;4.5556208943371382E-2;189899;;;;;;;;
2020-07-14;199375;;412;9068;4;4.5482131661442007E-2;190307;;;;;;;;
2020-07-15;199726;;351;9071;3;4.5417221593583211E-2;190655;;;;;;;;
2020-07-16;200260;;534;9078;7;4.533106960950764E-2;191182;;;;;;;;
2020-07-17;200843;;583;9082;4;4.5219400228038817E-2;191761;;;;;;;;
2020-07-18;201372;;529;9083;1;4.5105575750352581E-2;192289;;;;;;;;
2020-07-19;201574;;202;9084;1;4.5065335807197356E-2;192490;;;;;;;;
2020-07-20;201823;;249;9086;2;4.5019645927372003E-2;192737;;;;;;;;
2020-07-21;202345;;522;9090;4;4.4923274605253402E-2;193255;;;;;;;;
2020-07-22;202799;;454;9095;5;4.4847361180281951E-2;193704;;;;;;;;
2020-07-23;203368;;569;9101;6;4.4751386648833644E-2;194267;;;;;;;;
2020-07-24;204183;;815;9111;10;4.4621736383538294E-2;195072;;;;;;;;
2020-07-25;204964;;781;9118;7;4.4485860931675808E-2;195846;;;;;;;;
2020-07-26;205269;;305;9118;0;4.441976138627849E-2;196151;;;;;;;;
2020-07-27;205609;;340;9118;0;4.4346307797810409E-2;196491;;;;;;;;
2020-07-28;206242;;633;9122;4;4.4229594360023661E-2;197120;;;;;;;;
2020-07-29;206926;;684;9128;6;4.411238800344084E-2;197798;;;;;;;;
2020-07-30;207828;;902;9134;6;4.3949804646149698E-2;198694;;;;;;;;
2020-07-31;208698;;870;9141;7;4.3800132248512202E-2;199557;;;;;;;;
2020-08-01;209653;;955;9148;7;4.3634004760246696E-2;200505;;;;;;;;
2020-08-02;209893;;240;9141;-7;4.3550761578518581E-2;200752;;;;;;;;
2020-08-03;210402;;509;9148;7;4.347867415708976E-2;201254;;;;;;;;
2020-08-04;211281;;879;9156;8;4.3335652519630258E-2;202125;;;;;;;;
2020-08-05;212022;;741;9168;12;4.3240795766477061E-2;202854;;;;;;;;
2020-08-06;213067;;1045;9175;7;4.3061572181520368E-2;203892;;;;;;;;
2020-08-07;214214;;1147;9183;8;4.2868346606664366E-2;205031;;;;;;;;
2020-08-08;215336;;1122;9195;12;4.2700709588735744E-2;206141;;;;;;;;
2020-08-09;215891;;555;9196;1;4.2595569060312845E-2;206695;;;;;;;;
2020-08-10;216327;;436;9197;1;4.2514341714164204E-2;207130;;;;;;;;
2020-08-11;217293;;966;9201;4;4.2343747842774504E-2;208092;;;;;;;;
2020-08-12;218519;;1226;9207;6;4.2133635976734286E-2;209312;;;;;;;;
2020-08-13;219964;;1445;9211;4;4.1875034096488517E-2;210753;;;;;;;;
2020-08-14;221413;;1449;9225;14;4.1664220258069762E-2;212188;;;;;;;;
2020-08-15;222828;;1415;9231;6;4.1426571166998764E-2;213597;;;;;;;;
2020-08-16;223453;;625;9231;0;4.1310700684260224E-2;214222;;;;;;;;
2020-08-17;224014;;561;9232;1;4.1211709982411811E-2;214782;;;;;;;;
2020-08-18;225404;;1390;9236;4;4.0975315433621408E-2;216168;;;;;;;;
2020-08-19;226914;;1510;9243;7;4.0733493746529521E-2;217671;;;;;;;;
2020-08-20;228621;;1707;9253;10;4.0473097397002028E-2;219368;;;;;;;;
2020-08-21;230048;;1427;9260;7;4.0252469049937407E-2;220788;;;;;;;;
2020-08-22;232082;;2034;9267;7;3.9929852379762328E-2;222815;;;;;;;;
2020-08-23;232864;;782;9269;2;3.9804349319774633E-2;223595;;;;;;;;
2020-08-24;233575;;711;9272;3;3.96960291127047E-2;224303;;;;;;;;
2020-08-25;234853;;1278;9277;5;3.9501305071683139E-2;225576;;;;;;;;
2020-08-26;236429;;1576;9280;3;3.925068413773268E-2;227149;;;;;;;;
2020-08-27;237936;;1507;9285;5;3.9023098648376033E-2;228651;;;;;;;;
2020-08-28;239507;;1571;9288;3;3.8779659884679782E-2;230219;;;;;;;;
2020-08-29;240986;;1479;9289;1;3.854580764027786E-2;231697;;;;;;;;
2020-08-30;241771;;785;9295;6;3.8445471127637312E-2;232476;;;;;;;;
2020-08-31;242381;;610;9298;3;3.8361092659903208E-2;233083;;;;;;;;
2020-09-01;243599;;1218;9302;4;3.8185706837877004E-2;234297;;;;;;;;
2020-09-02;244855;;1256;9313;11;3.8034755263319106E-2;235542;;;;;;;;
2020-09-03;246166;;1311;9321;8;3.7864692930786543E-2;236845;;;;;;;;
2020-09-04;247619;;1453;9322;1;3.7646545701258791E-2;238297;;;;;;;;
2020-09-05;248997;;1378;9324;2;3.7446234291979422E-2;239673;;;;;;;;
2020-09-06;249985;;988;9325;1;3.7302238134288054E-2;240660;;;;;;;;
2020-09-07;250799;;814;9325;0;3.7181168983927371E-2;241474;;;;;;;;
2020-09-08;252298;;1499;9329;4;3.697611554590207E-2;242969;;;;;;;;
2020-09-09;253474;;1176;9338;9;3.6840070381972116E-2;244136;;;;;;;;
2020-09-10;255366;;1892;9341;3;3.6578871110484558E-2;246025;;;;;;;;
2020-09-11;256850;;1484;9342;1;3.6371423009538641E-2;247508;;;;;;;;
2020-09-12;258480;;1630;9347;5;3.616140513772826E-2;249133;;;;;;;;
2020-09-13;259428;;948;9349;2;3.6036973649721693E-2;250079;;;;;;;;
2020-09-14;260355;;927;9350;1;3.591250408096637E-2;251005;;;;;;;;
2020-09-15;261762;;1407;9362;12;3.5765313529083673E-2;252400;;;;;;;;
2020-09-16;263663;;1901;9368;6;3.5530203327732747E-2;254295;;;;;;;;
2020-09-17;265857;;2194;9371;3;3.5248272567583325E-2;256486;;;;;;;;
2020-09-18;267773;;1916;9378;7;3.5022201640942142E-2;258395;;;;;;;;
2020-09-19;270070;;2297;9384;6;3.4746547191468878E-2;260686;;;;;;;;
2020-09-20;271415;;1345;9386;2;3.4581729086454321E-2;262029;;;;;;;;
2020-09-21;272337;;922;9386;0;3.4464652250704088E-2;262951;;;;;;;;
2020-09-22;274158;;1821;9396;10;3.4272207996848533E-2;264762;;;;;;;;
2020-09-23;275927;;1769;9409;13;3.4099598806930816E-2;266518;;;;;;;;
2020-09-24;278070;;2143;9428;19;3.3905131801344988E-2;268642;;;;;;;;
2020-09-25;280223;;2153;9443;15;3.3698161821121037E-2;270780;;;;;;;;
2020-09-26;282730;;2507;9452;9;3.3431188766667848E-2;273278;;;;;;;;
2020-09-27;284140;;1410;9457;5;3.3282888716829731E-2;274683;;;;;;;;
2020-09-28;285332;;1192;9460;3;3.3154360534395022E-2;275872;;;;;;;;
2020-09-29;287421;;2089;9471;11;3.2951663239638024E-2;277950;;;;;;;;
2020-09-30;289219;;1798;9488;17;3.2805590227474681E-2;279731;;;;;;;;
2020-10-01;291722;;2503;9500;12;3.2565250478194994E-2;282222;;;;;;;;
2020-10-02;294395;;2673;9508;8;3.2296744170247457E-2;284887;;;;;;;;
2020-10-03;296958;;2563;9527;19;3.20819779228039E-2;287431;;;;;;;;
2020-10-04;299237;;2279;9529;2;3.1844324064203289E-2;289708;;;;;;;;
2020-10-05;300619;;1382;9534;5;3.1714562286482222E-2;291085;;;;;;;;
2020-10-06;303258;;2639;9546;12;3.1478147320103671E-2;293712;;;;;;;;
2020-10-07;306086;;2828;9562;16;3.1239586260070697E-2;296524;;;;;;;;
2020-10-08;310144;;4058;9578;16;3.0882428807263721E-2;300566;;;;;;;;
2020-10-09;314660;;4516;9589;11;3.0474162588190429E-2;305071;;;;;;;;
2020-10-10;319381;;4721;9604;15;3.0070667948312518E-2;309777;;;;;;;;
2020-10-11;322864;;3483;9615;11;2.9780340948510828E-2;313249;;;;;;;;
2020-10-12;325331;;2467;9621;6;2.957295800277256E-2;315710;;;;;;;;
2020-10-13;329453;;4122;9634;13;2.9242410905349171E-2;319819;;;;;;;;
2020-10-14;334585;;5132;9677;43;2.8922396401512323E-2;324908;;;;;;;;
2020-10-15;341223;;6638;9710;33;2.8456463954657219E-2;331513;;;;;;;;
2020-10-16;348557;;7334;9734;24;2.7926565812765199E-2;338823;;;;;;;;
2020-10-17;356387;;7830;9767;33;2.7405601214410179E-2;346620;;;;;;;;
2020-10-18;361974;;5587;9777;10;2.7010227253891163E-2;352197;;;;;;;;
2020-10-19;366299;;4325;9789;12;2.6724069680779908E-2;356510;;;;;;;;
2020-10-20;373167;;6868;9836;47;2.6358172078452809E-2;363331;;;;;;;;
2020-10-21;380762;;7595;9875;39;2.5934835934258146E-2;370887;;;;;;;;
2020-10-22;392049;;11287;9905;30;2.5264699055475209E-2;382144;;;;;;;;
2020-10-23;403291;;11242;9954;49;2.4681929425650461E-2;393337;;;;;;;;
2020-10-24;418005;;14714;10003;49;2.3930335761533954E-2;408002;;;;;;;;
2020-10-25;429181;;11176;10032;29;2.3374753309209868E-2;419149;;;;;;;;
2020-10-26;437866;;8685;10056;24;2.2965930216093507E-2;427810;;;;;;;;
2020-10-27;449275;;11409;10098;42;2.2476211674364255E-2;439177;;;;;;;;
2020-10-28;464239;;14964;10183;85;2.193482236520413E-2;454056;;;;;;;;
2020-10-29;481013;;16774;10272;89;2.1354932195179754E-2;470741;;;;;;;;
2020-10-30;499694;;18681;10349;77;2.0710674933059031E-2;489345;;;;;;;;
2020-10-31;518753;;19059;10452;103;2.0148317214551049E-2;508301;;;;;;;;
2020-11-01;532930;;14177;10481;29;1.9666747978158483E-2;522449;;;;;;;;
2020-11-02;545027;;12097;10530;49;1.932014377269383E-2;534497;;;;;;;;
2020-11-03;560379;;15352;10661;131;1.902462440598238E-2;549718;;;;;;;;
2020-11-04;577593;;17214;10812;151;1.8719063423552569E-2;566781;;;;;;;;
2020-11-05;597583;;19990;10930;118;1.8290346278257583E-2;586653;;;;;;;;
2020-11-06;619089;;21506;11096;166;1.7923109601365877E-2;607993;;;;;;;;
2020-11-07;642488;;23399;11226;130;1.7472699879219535E-2;631262;;;;;;;;
2020-11-08;658505;;16017;11289;63;1.714337780275017E-2;647216;;;;;;;;
2020-11-09;671868;;13363;11352;63;1.6896176034578221E-2;660516;;;;;;;;
2020-11-10;687200;;15332;11506;154;1.6743306169965076E-2;675694;;;;;;;;
2020-11-11;705687;;18487;11767;261;1.6674531343215903E-2;693920;;;;;;;;
2020-11-12;727553;;21866;11982;215;1.6468903296392154E-2;715571;;;;;;;;
2020-11-13;751095;;23542;12200;218;1.6242951956809724E-2;738895;;;;;;;;
2020-11-14;773556;;22461;12378;178;1.6001427175278842E-2;761178;;;;;;;;
2020-11-15;790503;;16947;12485;107;1.5793741453226616E-2;778018;;;;;;;;
2020-11-16;801327;;10824;12547;62;1.5657777661304311E-2;788780;;;;;;;;
2020-11-17;815746;;14419;12814;267;1.5708320972459566E-2;802932;;;;;;;;
2020-11-18;833307;;17561;13119;305;1.5743297488200626E-2;820188;;;;;;;;
2020-11-19;855916;;22609;13370;251;1.5620691750125012E-2;842546;;;;;;;;
2020-11-20;879564;;23648;13630;260;1.5496314082886521E-2;865934;;;;;;;;
2020-11-21;902528;;22964;13884;254;1.5383456247340803E-2;888644;;;;;;;;
2020-11-22;918269;;15741;14022;138;1.5270035251108335E-2;904247;;;;;;;;
2020-11-23;929133;;10864;14112;90;1.5188353012970156E-2;915021;;;;;;;;
2020-11-24;942687;;13554;14361;249;1.5234112701246543E-2;928326;;;;;;;;
2020-11-25;961320;;18633;14771;410;1.5365331003203928E-2;946549;;;;;;;;
2020-11-26;983588;;22268;15160;389;1.5412957457797371E-2;968428;;;;;;;;
2020-11-27;1006394;;22806;15586;426;1.5486976273705924E-2;990808;;;;;;;;
2020-11-28;1028089;;21695;15965;379;1.5528811221596574E-2;1012124;;;;;;;;
2020-11-29;1042700;;14611;16123;158;1.546274096096672E-2;1026577;;;;;;;;
2020-11-30;1053869;;11169;16248;125;1.5417475986104535E-2;1037621;;;;;;;;
2020-12-01;1067473;;13604;16636;388;1.5584469115378094E-2;1050837;;;;;;;;
2020-12-02;1084743;;17270;17123;487;1.5785305828200782E-2;1067620;;;;;;;;
2020-12-03;1106789;;22046;17602;479;1.5903663661275998E-2;1089187;;;;;;;;
2020-12-04;1130238;;23449;18034;432;1.595593140559776E-2;1112204;;;;;;;;
2020-12-05;1153556;;23318;18517;483;1.6052103235560302E-2;1135039;;;;;;;;
2020-12-06;1171323;;17767;18772;255;1.6026322372223546E-2;1152551;;;;;;;;
2020-12-07;1183655;;12332;18919;147;1.5983542501826969E-2;1164736;;;;;;;;
2020-12-08;1197709;;14054;19342;423;1.614916478042663E-2;1178367;;;;;;;;
2020-12-09;1218524;;20815;19932;590;1.6357494805190543E-2;1198592;;;;;;;;
2020-12-10;1242203;;23679;20372;440;1.6399895991234929E-2;1221831;;;;;;;;
2020-12-11;1272078;;29875;20970;598;1.6484838193884337E-2;1251108;;;;;;;;
2020-12-12;1300516;;28438;21466;496;1.6505756176779064E-2;1279050;;;;;;;;
2020-12-13;1320716;;20200;21787;321;1.6496355007435362E-2;1298929;;;;;;;;
2020-12-14;1337078;;16362;21975;188;1.6435092043994442E-2;1315103;;;;;;;;
2020-12-15;1351510;;14432;22475;500;1.6629547691101063E-2;1329035;;;;;;;;
2020-12-16;1379238;;27728;23427;952;1.6985465887685808E-2;1355811;;;;;;;;
2020-12-17;1406161;;26923;24125;698;1.715664138032558E-2;1382036;;;;;;;;
2020-12-18;1439938;;33777;24938;813;1.7318801226163905E-2;1415000;;;;;;;;
2020-12-19;1471238;;31300;25640;702;1.7427499833473577E-2;1445598;;;;;;;;
2020-12-20;1494009;;22771;26049;409;1.7435637937924069E-2;1467960;;;;;;;;
2020-12-21;1510652;;16643;26275;226;1.7393152095916201E-2;1484377;;;;;;;;
2020-12-22;1530180;;19528;27006;731;1.7648904050503861E-2;1503174;;;;;;;;
2020-12-23;1554920;;24740;27968;962;1.7986777454788671E-2;1526952;;;;;;;;
2020-12-24;1587115;;32195;28770;802;1.8127230855987123E-2;1558345;;;;;;;;
2020-12-25;1612648;;25533;29182;412;1.8095703464116163E-2;1583466;;;;;;;;
2020-12-26;1627103;;14455;29422;240;1.8082444688504663E-2;1597681;;;;;;;;
2020-12-27;1640858;;13755;29778;356;1.8147822663508967E-2;1611080;;;;;;;;
2020-12-28;1651834;;10976;30126;348;1.8237910104768398E-2;1621708;;;;;;;;
2020-12-29;1664726;;12892;30978;852;1.8608467699789636E-2;1633748;;;;;;;;
2020-12-30;1687185;;22459;32107;1129;1.9029922622593256E-2;1655078;;;;;;;;
2020-12-31;1719737;;32552;33071;964;1.9230266023234948E-2;1686666;;;;;;;;
2021-01-01;1742661;;22924;33624;553;1.9294630453082957E-2;1709037;;;;;;;;
2021-01-02;1755351;;12690;33960;336;1.9346558038819586E-2;1721391;;;;;;;;
2021-01-03;1765666;;10315;34272;312;1.9410239535676624E-2;1731394;;;;;;;;
2021-01-04;1775513;;9847;34574;302;1.9472681979799639E-2;1740939;;;;;;;;
2021-01-05;1787410;;11897;35518;944;1.9871210298700353E-2;1751892;;;;;;;;
2021-01-06;1808647;;21237;36537;1019;2.0201288587546381E-2;1772110;;;;;;;;
2021-01-07;1835038;;26391;37607;1070;2.0493853533278331E-2;1797431;;;;;;;;
2021-01-08;1866887;;31849;38795;1188;2.0780582863344166E-2;1828092;;;;;;;;
2021-01-09;1891581;;24694;39878;1083;2.1081835776527676E-2;1851703;;;;;;;;
2021-01-10;1908527;;16946;40343;465;2.1138291467713059E-2;1868184;;;;;;;;
2021-01-11;1921024;;12497;40686;343;2.1179329357675906E-2;1880338;;;;;;;;
2021-01-12;1933826;;12802;41577;891;2.1499866068612171E-2;1892249;;;;;;;;
2021-01-13;1953426;;19600;42637;1060;2.1826780231245003E-2;1910789;;;;;;;;
2021-01-14;1978590;;25164;43881;1244;2.217791457553106E-2;1934709;;;;;;;;
2021-01-15;2000958;;22368;44994;1113;2.248622909626289E-2;1955964;;;;;;;;
2021-01-16;2019636;;18678;45974;980;2.2763507879637716E-2;1973662;;;;;;;;
2021-01-17;2033518;;13882;46419;445;2.2826943257940182E-2;1987099;;;;;;;;
2021-01-18;2040659;;7141;46633;214;2.2851931655411314E-2;1994026;;;;;;;;
2021-01-19;2052028;;11369;47622;989;2.3207285670565899E-2;2004406;;;;;;;;
2021-01-20;2068002;;15974;48770;1148;2.3583149339313984E-2;2019232;;;;;;;;
2021-01-21;2088400;;20398;49783;1013;2.3837866309136181E-2;2038617;;;;;;;;
2021-01-22;2106262;;17862;50642;859;2.404354254124131E-2;2055620;;;;;;;;
2021-01-23;2122679;;16417;51521;879;2.4271686863628461E-2;2071158;;;;;;;;
2021-01-24;2134936;;12257;51870;349;2.4295810272532761E-2;2083066;;;;;;;;
2021-01-25;2141665;;6729;52087;217;2.4320797136807109E-2;2089578;;;;;;;;
2021-01-26;2148077;;6412;52990;903;2.4668575660928355E-2;2095087;;;;;;;;
2021-01-27;2161275;;13198;53972;982;2.4972296445385248E-2;2107303;;;;;;;;
2021-01-28;2178828;;17553;54913;941;2.5202999043522481E-2;2123915;;;;;;;;
2021-01-29;2192850;;14022;55752;839;2.5424447636637253E-2;2137098;;;;;;;;
2021-01-30;2205171;;12321;56546;794;2.5642455845827829E-2;2148625;;;;;;;;
2021-01-31;2216363;;11192;56945;399;2.5692993431130188E-2;2159418;;;;;;;;
2021-02-01;2221971;;5608;57120;175;2.5706906165742036E-2;2164851;;;;;;;;
2021-02-02;2228085;;6114;57981;861;2.6022795360141109E-2;2170104;;;;;;;;
2021-02-03;2237790;;9705;58956;975;2.6345635649457723E-2;2178834;;;;;;;;
2021-02-04;2252001;;14211;59742;786;2.6528407403016249E-2;2192259;;;;;;;;
2021-02-05;2264909;;12908;60597;855;2.6754717297692757E-2;2204312;;;;;;;;
2021-02-06;2275394;;10485;61286;689;2.6934236444325688E-2;2214108;;;;;;;;
2021-02-07;2284010;;8616;61517;231;2.6933769992250473E-2;2222493;;;;;;;;
2021-02-08;2288545;;4535;61675;158;2.6949437306236057E-2;2226870;;;;;;;;
2021-02-09;2291924;;3379;62156;481;2.7119572900323047E-2;2229768;;;;;;;;
2021-02-10;2299996;;8072;62969;813;2.7377873700649914E-2;2237027;;;;;;;;
2021-02-11;2310233;;10237;63635;666;2.7544840715200587E-2;2246598;;;;;;;;
2021-02-12;2320093;;9860;64191;556;2.7667425400619717E-2;2255902;;;;;;;;
2021-02-13;2328447;;8354;64742;551;2.7804798649056647E-2;2263705;;;;;;;;
2021-02-14;2334561;;6114;64960;218;2.7825359885648736E-2;2269601;;;;;;;;
2021-02-15;2338987;;4426;65076;116;2.782230085075291E-2;2273911;;;;;;;;
2021-02-16;2342843;;3856;65604;528;2.8001876352790177E-2;2277239;;;;;;;;
2021-02-17;2350399;;7556;66164;560;2.815011408701246E-2;2284235;;;;;;;;
2021-02-18;2360606;;10207;66698;534;2.825460919780768E-2;2293908;;;;;;;;
2021-02-19;2369719;;9113;67206;508;2.8360324578568175E-2;2302513;;;;;;;;
2021-02-20;2378883;;9164;67696;490;2.8457053163186252E-2;2311187;;;;;;;;
2021-02-21;2386559;;7676;67841;145;2.842628235882708E-2;2318718;;;;;;;;
2021-02-22;2390928;;4369;67903;62;2.8400269686080049E-2;2323025;;;;;;;;
2021-02-23;2394811;;3883;68318;415;2.8527512191985089E-2;2326493;;;;;;;;
2021-02-24;2402818;;8007;68740;422;2.860807601740956E-2;2334078;;;;;;;;
2021-02-25;2414687;;11869;69125;385;2.8626898641521653E-2;2345562;;;;;;;;
2021-02-26;2424684;;9997;69519;394;2.8671365010863273E-2;2355165;;;;;;;;
2021-02-27;2434446;;9762;69888;369;2.8707968876697205E-2;2364558;;;;;;;;
2021-02-28;2442336;;7890;70045;157;2.8679510108355278E-2;2372291;;;;;;;;
2021-03-01;2447068;;4732;70105;60;2.8648570452476187E-2;2376963;;;;;;;;
2021-03-02;2451011;;3943;70463;358;2.8748544988170189E-2;2380548;;;;;;;;
2021-03-03;2460030;;9019;70881;418;2.8813063255326156E-2;2389149;;;;;;;;
2021-03-04;2471942;;11912;71240;359;2.881944641095948E-2;2400702;;;;;;;;
2021-03-05;2482522;;10580;71504;264;2.8802967305022877E-2;2411018;;;;;;;;
2021-03-06;2492079;;9557;71804;300;2.8812890763093787E-2;2420275;;;;;;;;
2021-03-07;2500182;;8103;71900;96;2.8757906424412304E-2;2428282;;;;;;;;
2021-03-08;2505193;;5011;71934;34;2.8713955371901485E-2;2433259;;;;;;;;
2021-03-09;2509445;;4252;72189;255;2.876691858159872E-2;2437256;;;;;;;;
2021-03-10;2518591;;9146;72489;300;2.8781568742205464E-2;2446102;;;;;;;;
2021-03-11;2532947;;14356;72810;321;2.8745173112583879E-2;2460137;;;;;;;;
2021-03-12;2545781;;12834;73062;252;2.8699247892886307E-2;2472719;;;;;;;;
2021-03-13;2558455;;12674;73301;239;2.8650494145881011E-2;2485154;;;;;;;;
2021-03-14;2569245;;10790;73371;70;2.8557416672991481E-2;2495874;;;;;;;;
2021-03-15;2575849;;6604;73418;47;2.8502447154316886E-2;2502431;;;;;;;;
2021-03-16;2581329;;5480;73656;238;2.8534138809892112E-2;2507673;;;;;;;;
2021-03-17;2594764;;13435;73905;249;2.8482359089304462E-2;2520859;;;;;;;;
2021-03-18;2612268;;17504;74132;227;2.8378405278478319E-2;2538136;;;;;;;;
2021-03-19;2629750;;17482;74358;226;2.8275691605665936E-2;2555392;;;;;;;;
2021-03-20;2645783;;16033;74565;207;2.8182583378909002E-2;2571218;;;;;;;;
2021-03-21;2659516;;13733;74664;99;2.8074281184997572E-2;2584852;;;;;;;;
2021-03-22;2667225;;7709;74714;50;2.8011885011575702E-2;2592511;;;;;;;;
2021-03-23;2674710;;7485;74964;250;2.8026963670827864E-2;2599746;;;;;;;;
2021-03-24;2690523;;15813;75212;248;2.7954416297500524E-2;2615311;;;;;;;;
2021-03-25;2713180;;22657;75440;228;2.7805011093993026E-2;2637740;;;;;;;;
2021-03-26;2734753;;21573;75623;183;2.7652588734704744E-2;2659130;;;;;;;;
2021-03-27;2755225;;20472;75780;157;2.7504105835276609E-2;2679445;;;;;;;;
2021-03-28;2772401;;17176;75870;90;2.7366171055341563E-2;2696531;;;;;;;;
2021-03-29;2782273;;9872;75913;43;2.7284525997269139E-2;2706360;;;;;;;;
2021-03-30;2791822;;9549;76093;180;2.7255677475139892E-2;2715729;;;;;;;;
2021-03-31;2808873;;17051;76342;249;2.7178872095676807E-2;2732531;;;;;;;;
2021-04-01;2833173;;24300;76543;201;2.7016705298264526E-2;2756630;;;;;;;;
2021-04-02;2855061;;21888;76775;232;2.6890844013490428E-2;2778286;;;;;;;;
2021-04-03;2873190;;18129;76895;120;2.6762935970123799E-2;2796295;;;;;;;;
2021-04-04;2885386;;12196;76963;68;2.6673380961853978E-2;2808423;;;;;;;;
2021-04-05;2893883;;8497;77013;50;2.6612340581841077E-2;2816870;;;;;;;;
2021-04-06;2900768;;6885;77103;90;2.6580202208518571E-2;2823665;;;;;;;;
2021-04-07;2910445;;9677;77401;298;2.6594214973998821E-2;2833044;;;;;;;;
2021-04-08;2930852;;20407;77707;306;2.6513450696248053E-2;2853145;;;;;;;;
2021-04-09;2956316;;25464;78003;296;2.6385203746825441E-2;2878313;;;;;;;;
2021-04-10;2980413;;24097;78249;246;2.625441507603141E-2;2902164;;;;;;;;
2021-04-11;2998268;;17855;78353;104;2.6132753976629175E-2;2919915;;;;;;;;
2021-04-12;3011513;;13245;78452;99;2.605069279129793E-2;2933061;;;;;;;;
2021-04-13;3022323;;10810;78746;294;2.6054792952308538E-2;2943577;;;;;;;;
2021-04-14;3044016;;21693;79088;342;2.5981466588874697E-2;2964928;;;;;;;;
2021-04-15;3073442;;29426;79381;293;2.5828045559343562E-2;2994061;;;;;;;;
2021-04-16;3099273;;25831;79628;247;2.5692476913134144E-2;3019645;;;;;;;;
2021-04-17;3123077;;23804;79847;219;2.5566772769291313E-2;3043230;;;;;;;;
2021-04-18;3142262;;19185;79914;67;2.5431997713748884E-2;3062348;;;;;;;;
2021-04-19;3153699;;11437;80006;92;2.5368939775165605E-2;3073693;;;;;;;;
2021-04-20;3163308;;9609;80303;297;2.538576705145373E-2;3083005;;;;;;;;
2021-04-21;3188192;;24884;80634;331;2.5291450452168501E-2;3107558;;;;;;;;
2021-04-22;3217710;;29518;80893;259;2.5139928707061856E-2;3136817;;;;;;;;
2021-04-23;3245253;;27543;81158;265;2.5008219698125229E-2;3164095;;;;;;;;
2021-04-24;3268645;;23392;81444;286;2.4916746847699889E-2;3187201;;;;;;;;
2021-04-25;3287418;;18773;81564;120;2.4810961064275976E-2;3205854;;;;;;;;
2021-04-26;3299325;;11907;81624;60;2.4739605828464913E-2;3217701;;;;;;;;
2021-04-27;3310301;;10976;81968;344;2.4761494498536537E-2;3228333;;;;;;;;
2021-04-28;3332532;;22231;82280;312;2.4689935460484702E-2;3250252;;;;;;;;
2021-04-29;3357268;;24736;82544;264;2.4586657961175575E-2;3274724;;;;;;;;
2021-04-30;3381597;;24329;82850;306;2.4500258309905053E-2;3298747;;;;;;;;
2021-05-01;3400532;;18935;83082;232;2.4432059454226576E-2;3317450;;;;;;;;
2021-05-02;3416822;;16290;83192;110;2.4347771115966824E-2;3333630;;;;;;;;
2021-05-03;3425982;;9160;83276;84;2.4307191339592561E-2;3342706;;;;;;;;
2021-05-04;3433516;;7534;83591;315;2.4345597923527952E-2;3349925;;;;;;;;

# 
# Stand: 2021-05-04 05:44:01;;;;
